platform,tone,audience,caption,hashtags,cta,content_type,engagement_label,source
Instagram,Casual,Gen Z,Instagram post for Gen Z in a casual tone ✨,#AI #Marketing #SocialMedia #Trending #Growth,Check it out!,Carousel,high,gemini_synthetic
Instagram,Casual,Gen Z,Level up your feed with this casual vibe 🔥,#AI #Marketing #SocialMedia #Trending #Growth,Learn more!,Single Photo,medium,gemini_synthetic
Instagram,Casual,Gen Z,Designed for Gen Z — experience the difference 💡,#AI #Marketing #SocialMedia #Trending #Growth,Don’t miss this!,Reel,low,gemini_synthetic
Instagram,Casual,Millennials,Instagram post for Millennials in a casual tone ✨,#AI #Marketing #SocialMedia #Trending #Growth,Learn more!,Reel,medium,gemini_synthetic
Instagram,Casual,Millennials,Level up your feed with this casual vibe 🔥,#AI #Marketing #SocialMedia #Trending #Growth,Check it out!,Single Photo,medium,gemini_synthetic
Instagram,Casual,Millennials,Designed for Millennials — experience the difference 💡,#AI #Marketing #SocialMedia #Trending #Growth,Don’t miss this!,Reel,low,gemini_synthetic
Instagram,Casual,Professionals,Instagram post for Professionals in a casual tone ✨,#AI #Marketing #SocialMedia #Trending #Growth,Check it out!,Carousel,high,gemini_synthetic
Instagram,Casual,Professionals,Level up your feed with this casual vibe 🔥,#AI #Marketing #SocialMedia #Trending #Growth,Learn more!,Reel,high,gemini_synthetic
Instagram,Casual,Professionals,Designed for Professionals — experience the difference 💡,#AI #Marketing #SocialMedia #Trending #Growth,Don’t miss this!,Reel,high,gemini_synthetic
Instagram,Casual,Students,Instagram post for Students in a casual tone ✨,#AI #Marketing #SocialMedia #Trending #Growth,Don’t miss this!,Reel,low,gemini_synthetic
Instagram,Casual,Students,Level up your feed with this casual vibe 🔥,#AI #Marketing #SocialMedia #Trending #Growth,Check it out!,Carousel,medium,gemini_synthetic
Instagram,Casual,Students,Designed for Students — experience the difference 💡,#AI #Marketing #SocialMedia #Trending #Growth,Check it out!,Carousel,medium,gemini_synthetic
Instagram,Professional,Gen Z,Instagram post for Gen Z in a professional tone ✨,#AI #Marketing #SocialMedia #Trending #Growth,Learn more!,Reel,medium,gemini_synthetic
Instagram,Professional,Gen Z,Level up your feed with this professional vibe 🔥,#AI #Marketing #SocialMedia #Trending #Growth,Learn more!,Carousel,high,gemini_synthetic
Instagram,Professional,Gen Z,Designed for Gen Z — experience the difference 💡,#AI #Marketing #SocialMedia #Trending #Growth,Learn more!,Single Photo,medium,gemini_synthetic
Instagram,Professional,Millennials,Instagram post for Millennials in a professional tone ✨,#AI #Marketing #SocialMedia #Trending #Growth,Learn more!,Carousel,medium,gemini_synthetic
Instagram,Professional,Millennials,Level up your feed with this professional vibe 🔥,#AI #Marketing #SocialMedia #Trending #Growth,Learn more!,Carousel,high,gemini_synthetic
Instagram,Professional,Millennials,Designed for Millennials — experience the difference 💡,#AI #Marketing #SocialMedia #Trending #Growth,Check it out!,Carousel,medium,gemini_synthetic
Instagram,Professional,Professionals,Instagram post for Professionals in a professional tone ✨,#AI #Marketing #SocialMedia #Trending #Growth,Don’t miss this!,Story,low,gemini_synthetic
Instagram,Professional,Professionals,Level up your feed with this professional vibe 🔥,#AI #Marketing #SocialMedia #Trending #Growth,Don’t miss this!,Carousel,high,gemini_synthetic
Instagram,Professional,Professionals,Designed for Professionals — experience the difference 💡,#AI #Marketing #SocialMedia #Trending #Growth,Don’t miss this!,Reel,high,gemini_synthetic
Instagram,Professional,Students,Instagram post for Students in a professional tone ✨,#AI #Marketing #SocialMedia #Trending #Growth,Don’t miss this!,Story,medium,gemini_synthetic
Instagram,Professional,Students,Level up your feed with this professional vibe 🔥,#AI #Marketing #SocialMedia #Trending #Growth,Check it out!,Carousel,high,gemini_synthetic
Instagram,Professional,Students,Designed for Students — experience the difference 💡,#AI #Marketing #SocialMedia #Trending #Growth,Learn more!,Reel,low,gemini_synthetic
Instagram,Inspirational,Gen Z,Instagram post for Gen Z in a inspirational tone ✨,#AI #Marketing #SocialMedia #Trending #Growth,Check it out!,Tweet,low,gemini_synthetic
Instagram,Inspirational,Gen Z,Level up your feed with this inspirational vibe 🔥,#AI #Marketing #SocialMedia #Trending #Growth,Don’t miss this!,Story,medium,gemini_synthetic
Instagram,Inspirational,Gen Z,Designed for Gen Z — experience the difference 💡,#AI #Marketing #SocialMedia #Trending #Growth,Check it out!,Story,medium,gemini_synthetic
Instagram,Inspirational,Millennials,Instagram post for Millennials in a inspirational tone ✨,#AI #Marketing #SocialMedia #Trending #Growth,Learn more!,Tweet,high,gemini_synthetic
Instagram,Inspirational,Millennials,Level up your feed with this inspirational vibe 🔥,#AI #Marketing #SocialMedia #Trending #Growth,Learn more!,Single Photo,low,gemini_synthetic
Instagram,Inspirational,Millennials,Designed for Millennials — experience the difference 💡,#AI #Marketing #SocialMedia #Trending #Growth,Don’t miss this!,Single Photo,medium,gemini_synthetic
Instagram,Inspirational,Professionals,Instagram post for Professionals in a inspirational tone ✨,#AI #Marketing #SocialMedia #Trending #Growth,Check it out!,Single Photo,medium,gemini_synthetic
Instagram,Inspirational,Professionals,Level up your feed with this inspirational vibe 🔥,#AI #Marketing #SocialMedia #Trending #Growth,Learn more!,Single Photo,low,gemini_synthetic
Instagram,Inspirational,Professionals,Designed for Professionals — experience the difference 💡,#AI #Marketing #SocialMedia #Trending #Growth,Don’t miss this!,Tweet,medium,gemini_synthetic
Instagram,Inspirational,Students,Instagram post for Students in a inspirational tone ✨,#AI #Marketing #SocialMedia #Trending #Growth,Don’t miss this!,Carousel,high,gemini_synthetic
Instagram,Inspirational,Students,Level up your feed with this inspirational vibe 🔥,#AI #Marketing #SocialMedia #Trending #Growth,Learn more!,Single Photo,low,gemini_synthetic
Instagram,Inspirational,Students,Designed for Students — experience the difference 💡,#AI #Marketing #SocialMedia #Trending #Growth,Check it out!,Tweet,high,gemini_synthetic
Instagram,Humorous,Gen Z,Instagram post for Gen Z in a humorous tone ✨,#AI #Marketing #SocialMedia #Trending #Growth,Check it out!,Reel,high,gemini_synthetic
Instagram,Humorous,Gen Z,Level up your feed with this humorous vibe 🔥,#AI #Marketing #SocialMedia #Trending #Growth,Check it out!,Story,medium,gemini_synthetic
Instagram,Humorous,Gen Z,Designed for Gen Z — experience the difference 💡,#AI #Marketing #SocialMedia #Trending #Growth,Learn more!,Carousel,low,gemini_synthetic
Instagram,Humorous,Millennials,Instagram post for Millennials in a humorous tone ✨,#AI #Marketing #SocialMedia #Trending #Growth,Check it out!,Single Photo,high,gemini_synthetic
Instagram,Humorous,Millennials,Level up your feed with this humorous vibe 🔥,#AI #Marketing #SocialMedia #Trending #Growth,Check it out!,Single Photo,low,gemini_synthetic
Instagram,Humorous,Millennials,Designed for Millennials — experience the difference 💡,#AI #Marketing #SocialMedia #Trending #Growth,Check it out!,Story,low,gemini_synthetic
Instagram,Humorous,Professionals,Instagram post for Professionals in a humorous tone ✨,#AI #Marketing #SocialMedia #Trending #Growth,Check it out!,Carousel,medium,gemini_synthetic
Instagram,Humorous,Professionals,Level up your feed with this humorous vibe 🔥,#AI #Marketing #SocialMedia #Trending #Growth,Don’t miss this!,Tweet,medium,gemini_synthetic
Instagram,Humorous,Professionals,Designed for Professionals — experience the difference 💡,#AI #Marketing #SocialMedia #Trending #Growth,Learn more!,Story,medium,gemini_synthetic
Instagram,Humorous,Students,Instagram post for Students in a humorous tone ✨,#AI #Marketing #SocialMedia #Trending #Growth,Check it out!,Tweet,medium,gemini_synthetic
Instagram,Humorous,Students,Level up your feed with this humorous vibe 🔥,#AI #Marketing #SocialMedia #Trending #Growth,Learn more!,Single Photo,medium,gemini_synthetic
Instagram,Humorous,Students,Designed for Students — experience the difference 💡,#AI #Marketing #SocialMedia #Trending #Growth,Don’t miss this!,Story,low,gemini_synthetic
Instagram,Urgent,Gen Z,Instagram post for Gen Z in a urgent tone ✨,#AI #Marketing #SocialMedia #Trending #Growth,Check it out!,Carousel,high,gemini_synthetic
Instagram,Urgent,Gen Z,Level up your feed with this urgent vibe 🔥,#AI #Marketing #SocialMedia #Trending #Growth,Check it out!,Story,low,gemini_synthetic
Instagram,Urgent,Gen Z,Designed for Gen Z — experience the difference 💡,#AI #Marketing #SocialMedia #Trending #Growth,Learn more!,Reel,high,gemini_synthetic
Instagram,Urgent,Millennials,Instagram post for Millennials in a urgent tone ✨,#AI #Marketing #SocialMedia #Trending #Growth,Check it out!,Reel,high,gemini_synthetic
Instagram,Urgent,Millennials,Level up your feed with this urgent vibe 🔥,#AI #Marketing #SocialMedia #Trending #Growth,Check it out!,Tweet,high,gemini_synthetic
Instagram,Urgent,Millennials,Designed for Millennials — experience the difference 💡,#AI #Marketing #SocialMedia #Trending #Growth,Learn more!,Tweet,medium,gemini_synthetic
Instagram,Urgent,Professionals,Instagram post for Professionals in a urgent tone ✨,#AI #Marketing #SocialMedia #Trending #Growth,Learn more!,Tweet,high,gemini_synthetic
Instagram,Urgent,Professionals,Level up your feed with this urgent vibe 🔥,#AI #Marketing #SocialMedia #Trending #Growth,Check it out!,Single Photo,medium,gemini_synthetic
Instagram,Urgent,Professionals,Designed for Professionals — experience the difference 💡,#AI #Marketing #SocialMedia #Trending #Growth,Check it out!,Reel,high,gemini_synthetic
Instagram,Urgent,Students,Instagram post for Students in a urgent tone ✨,#AI #Marketing #SocialMedia #Trending #Growth,Check it out!,Tweet,low,gemini_synthetic
Instagram,Urgent,Students,Level up your feed with this urgent vibe 🔥,#AI #Marketing #SocialMedia #Trending #Growth,Learn more!,Story,medium,gemini_synthetic
Instagram,Urgent,Students,Designed for Students — experience the difference 💡,#AI #Marketing #SocialMedia #Trending #Growth,Don’t miss this!,Carousel,medium,gemini_synthetic
Twitter,Casual,Gen Z,Twitter post for Gen Z in a casual tone ✨,#AI #Marketing #SocialMedia #Trending #Growth,Don’t miss this!,Story,medium,gemini_synthetic
Twitter,Casual,Gen Z,Level up your feed with this casual vibe 🔥,#AI #Marketing #SocialMedia #Trending #Growth,Don’t miss this!,Single Photo,low,gemini_synthetic
Twitter,Casual,Gen Z,Designed for Gen Z — experience the difference 💡,#AI #Marketing #SocialMedia #Trending #Growth,Learn more!,Story,medium,gemini_synthetic
Twitter,Casual,Millennials,Twitter post for Millennials in a casual tone ✨,#AI #Marketing #SocialMedia #Trending #Growth,Check it out!,Carousel,high,gemini_synthetic
Twitter,Casual,Millennials,Level up your feed with this casual vibe 🔥,#AI #Marketing #SocialMedia #Trending #Growth,Check it out!,Reel,high,gemini_synthetic
Twitter,Casual,Millennials,Designed for Millennials — experience the difference 💡,#AI #Marketing #SocialMedia #Trending #Growth,Learn more!,Tweet,medium,gemini_synthetic
Twitter,Casual,Professionals,Twitter post for Professionals in a casual tone ✨,#AI #Marketing #SocialMedia #Trending #Growth,Don’t miss this!,Single Photo,low,gemini_synthetic
Twitter,Casual,Professionals,Level up your feed with this casual vibe 🔥,#AI #Marketing #SocialMedia #Trending #Growth,Learn more!,Single Photo,medium,gemini_synthetic
Twitter,Casual,Professionals,Designed for Professionals — experience the difference 💡,#AI #Marketing #SocialMedia #Trending #Growth,Check it out!,Tweet,medium,gemini_synthetic
Twitter,Casual,Students,Twitter post for Students in a casual tone ✨,#AI #Marketing #SocialMedia #Trending #Growth,Don’t miss this!,Reel,low,gemini_synthetic
Twitter,Casual,Students,Level up your feed with this casual vibe 🔥,#AI #Marketing #SocialMedia #Trending #Growth,Don’t miss this!,Reel,medium,gemini_synthetic
Twitter,Casual,Students,Designed for Students — experience the difference 💡,#AI #Marketing #SocialMedia #Trending #Growth,Don’t miss this!,Reel,low,gemini_synthetic
Twitter,Professional,Gen Z,Twitter post for Gen Z in a professional tone ✨,#AI #Marketing #SocialMedia #Trending #Growth,Don’t miss this!,Single Photo,high,gemini_synthetic
Twitter,Professional,Gen Z,Level up your feed with this professional vibe 🔥,#AI #Marketing #SocialMedia #Trending #Growth,Don’t miss this!,Story,low,gemini_synthetic
Twitter,Professional,Gen Z,Designed for Gen Z — experience the difference 💡,#AI #Marketing #SocialMedia #Trending #Growth,Don’t miss this!,Single Photo,high,gemini_synthetic
Twitter,Professional,Millennials,Twitter post for Millennials in a professional tone ✨,#AI #Marketing #SocialMedia #Trending #Growth,Don’t miss this!,Story,low,gemini_synthetic
Twitter,Professional,Millennials,Level up your feed with this professional vibe 🔥,#AI #Marketing #SocialMedia #Trending #Growth,Don’t miss this!,Single Photo,medium,gemini_synthetic
Twitter,Professional,Millennials,Designed for Millennials — experience the difference 💡,#AI #Marketing #SocialMedia #Trending #Growth,Check it out!,Reel,high,gemini_synthetic
Twitter,Professional,Professionals,Twitter post for Professionals in a professional tone ✨,#AI #Marketing #SocialMedia #Trending #Growth,Don’t miss this!,Story,medium,gemini_synthetic
Twitter,Professional,Professionals,Level up your feed with this professional vibe 🔥,#AI #Marketing #SocialMedia #Trending #Growth,Learn more!,Tweet,low,gemini_synthetic
Twitter,Professional,Professionals,Designed for Professionals — experience the difference 💡,#AI #Marketing #SocialMedia #Trending #Growth,Check it out!,Tweet,high,gemini_synthetic
Twitter,Professional,Students,Twitter post for Students in a professional tone ✨,#AI #Marketing #SocialMedia #Trending #Growth,Check it out!,Tweet,high,gemini_synthetic
Twitter,Professional,Students,Level up your feed with this professional vibe 🔥,#AI #Marketing #SocialMedia #Trending #Growth,Don’t miss this!,Carousel,low,gemini_synthetic
Twitter,Professional,Students,Designed for Students — experience the difference 💡,#AI #Marketing #SocialMedia #Trending #Growth,Learn more!,Carousel,low,gemini_synthetic
Twitter,Inspirational,Gen Z,Twitter post for Gen Z in a inspirational tone ✨,#AI #Marketing #SocialMedia #Trending #Growth,Don’t miss this!,Single Photo,medium,gemini_synthetic
Twitter,Inspirational,Gen Z,Level up your feed with this inspirational vibe 🔥,#AI #Marketing #SocialMedia #Trending #Growth,Learn more!,Story,high,gemini_synthetic
Twitter,Inspirational,Gen Z,Designed for Gen Z — experience the difference 💡,#AI #Marketing #SocialMedia #Trending #Growth,Check it out!,Reel,low,gemini_synthetic
Twitter,Inspirational,Millennials,Twitter post for Millennials in a inspirational tone ✨,#AI #Marketing #SocialMedia #Trending #Growth,Learn more!,Tweet,medium,gemini_synthetic
Twitter,Inspirational,Millennials,Level up your feed with this inspirational vibe 🔥,#AI #Marketing #SocialMedia #Trending #Growth,Check it out!,Reel,high,gemini_synthetic
Twitter,Inspirational,Millennials,Designed for Millennials — experience the difference 💡,#AI #Marketing #SocialMedia #Trending #Growth,Check it out!,Carousel,high,gemini_synthetic
Twitter,Inspirational,Professionals,Twitter post for Professionals in a inspirational tone ✨,#AI #Marketing #SocialMedia #Trending #Growth,Don’t miss this!,Tweet,high,gemini_synthetic
Twitter,Inspirational,Professionals,Level up your feed with this inspirational vibe 🔥,#AI #Marketing #SocialMedia #Trending #Growth,Learn more!,Reel,high,gemini_synthetic
Twitter,Inspirational,Professionals,Designed for Professionals — experience the difference 💡,#AI #Marketing #SocialMedia #Trending #Growth,Don’t miss this!,Carousel,high,gemini_synthetic
Twitter,Inspirational,Students,Twitter post for Students in a inspirational tone ✨,#AI #Marketing #SocialMedia #Trending #Growth,Check it out!,Reel,high,gemini_synthetic
Twitter,Inspirational,Students,Level up your feed with this inspirational vibe 🔥,#AI #Marketing #SocialMedia #Trending #Growth,Don’t miss this!,Single Photo,high,gemini_synthetic
Twitter,Inspirational,Students,Designed for Students — experience the difference 💡,#AI #Marketing #SocialMedia #Trending #Growth,Learn more!,Single Photo,high,gemini_synthetic
Twitter,Humorous,Gen Z,Twitter post for Gen Z in a humorous tone ✨,#AI #Marketing #SocialMedia #Trending #Growth,Learn more!,Story,low,gemini_synthetic
Twitter,Humorous,Gen Z,Level up your feed with this humorous vibe 🔥,#AI #Marketing #SocialMedia #Trending #Growth,Don’t miss this!,Carousel,medium,gemini_synthetic
Twitter,Humorous,Gen Z,Designed for Gen Z — experience the difference 💡,#AI #Marketing #SocialMedia #Trending #Growth,Check it out!,Single Photo,medium,gemini_synthetic
Twitter,Humorous,Millennials,Twitter post for Millennials in a humorous tone ✨,#AI #Marketing #SocialMedia #Trending #Growth,Learn more!,Single Photo,high,gemini_synthetic
Twitter,Humorous,Millennials,Level up your feed with this humorous vibe 🔥,#AI #Marketing #SocialMedia #Trending #Growth,Learn more!,Story,medium,gemini_synthetic
Twitter,Humorous,Millennials,Designed for Millennials — experience the difference 💡,#AI #Marketing #SocialMedia #Trending #Growth,Learn more!,Carousel,medium,gemini_synthetic
Twitter,Humorous,Professionals,Twitter post for Professionals in a humorous tone ✨,#AI #Marketing #SocialMedia #Trending #Growth,Don’t miss this!,Story,medium,gemini_synthetic
Twitter,Humorous,Professionals,Level up your feed with this humorous vibe 🔥,#AI #Marketing #SocialMedia #Trending #Growth,Don’t miss this!,Reel,medium,gemini_synthetic
Twitter,Humorous,Professionals,Designed for Professionals — experience the difference 💡,#AI #Marketing #SocialMedia #Trending #Growth,Don’t miss this!,Reel,low,gemini_synthetic
Twitter,Humorous,Students,Twitter post for Students in a humorous tone ✨,#AI #Marketing #SocialMedia #Trending #Growth,Learn more!,Single Photo,low,gemini_synthetic
Twitter,Humorous,Students,Level up your feed with this humorous vibe 🔥,#AI #Marketing #SocialMedia #Trending #Growth,Learn more!,Carousel,high,gemini_synthetic
Twitter,Humorous,Students,Designed for Students — experience the difference 💡,#AI #Marketing #SocialMedia #Trending #Growth,Check it out!,Tweet,medium,gemini_synthetic
Twitter,Urgent,Gen Z,Twitter post for Gen Z in a urgent tone ✨,#AI #Marketing #SocialMedia #Trending #Growth,Learn more!,Carousel,high,gemini_synthetic
Twitter,Urgent,Gen Z,Level up your feed with this urgent vibe 🔥,#AI #Marketing #SocialMedia #Trending #Growth,Don’t miss this!,Story,high,gemini_synthetic
Twitter,Urgent,Gen Z,Designed for Gen Z — experience the difference 💡,#AI #Marketing #SocialMedia #Trending #Growth,Learn more!,Carousel,medium,gemini_synthetic
Twitter,Urgent,Millennials,Twitter post for Millennials in a urgent tone ✨,#AI #Marketing #SocialMedia #Trending #Growth,Learn more!,Reel,high,gemini_synthetic
Twitter,Urgent,Millennials,Level up your feed with this urgent vibe 🔥,#AI #Marketing #SocialMedia #Trending #Growth,Don’t miss this!,Carousel,medium,gemini_synthetic
Twitter,Urgent,Millennials,Designed for Millennials — experience the difference 💡,#AI #Marketing #SocialMedia #Trending #Growth,Check it out!,Tweet,medium,gemini_synthetic
Twitter,Urgent,Professionals,Twitter post for Professionals in a urgent tone ✨,#AI #Marketing #SocialMedia #Trending #Growth,Check it out!,Tweet,high,gemini_synthetic
Twitter,Urgent,Professionals,Level up your feed with this urgent vibe 🔥,#AI #Marketing #SocialMedia #Trending #Growth,Check it out!,Reel,medium,gemini_synthetic
Twitter,Urgent,Professionals,Designed for Professionals — experience the difference 💡,#AI #Marketing #SocialMedia #Trending #Growth,Check it out!,Tweet,medium,gemini_synthetic
Twitter,Urgent,Students,Twitter post for Students in a urgent tone ✨,#AI #Marketing #SocialMedia #Trending #Growth,Check it out!,Tweet,low,gemini_synthetic
Twitter,Urgent,Students,Level up your feed with this urgent vibe 🔥,#AI #Marketing #SocialMedia #Trending #Growth,Check it out!,Tweet,high,gemini_synthetic
Twitter,Urgent,Students,Designed for Students — experience the difference 💡,#AI #Marketing #SocialMedia #Trending #Growth,Check it out!,Story,low,gemini_synthetic
LinkedIn,Casual,Gen Z,LinkedIn post for Gen Z in a casual tone ✨,#AI #Marketing #SocialMedia #Trending #Growth,Don’t miss this!,Story,low,gemini_synthetic
LinkedIn,Casual,Gen Z,Level up your feed with this casual vibe 🔥,#AI #Marketing #SocialMedia #Trending #Growth,Check it out!,Reel,low,gemini_synthetic
LinkedIn,Casual,Gen Z,Designed for Gen Z — experience the difference 💡,#AI #Marketing #SocialMedia #Trending #Growth,Learn more!,Tweet,low,gemini_synthetic
LinkedIn,Casual,Millennials,LinkedIn post for Millennials in a casual tone ✨,#AI #Marketing #SocialMedia #Trending #Growth,Check it out!,Single Photo,medium,gemini_synthetic
LinkedIn,Casual,Millennials,Level up your feed with this casual vibe 🔥,#AI #Marketing #SocialMedia #Trending #Growth,Don’t miss this!,Reel,medium,gemini_synthetic
LinkedIn,Casual,Millennials,Designed for Millennials — experience the difference 💡,#AI #Marketing #SocialMedia #Trending #Growth,Check it out!,Story,low,gemini_synthetic
LinkedIn,Casual,Professionals,LinkedIn post for Professionals in a casual tone ✨,#AI #Marketing #SocialMedia #Trending #Growth,Don’t miss this!,Tweet,medium,gemini_synthetic
LinkedIn,Casual,Professionals,Level up your feed with this casual vibe 🔥,#AI #Marketing #SocialMedia #Trending #Growth,Check it out!,Carousel,low,gemini_synthetic
LinkedIn,Casual,Professionals,Designed for Professionals — experience the difference 💡,#AI #Marketing #SocialMedia #Trending #Growth,Check it out!,Story,high,gemini_synthetic
LinkedIn,Casual,Students,LinkedIn post for Students in a casual tone ✨,#AI #Marketing #SocialMedia #Trending #Growth,Don’t miss this!,Single Photo,high,gemini_synthetic
LinkedIn,Casual,Students,Level up your feed with this casual vibe 🔥,#AI #Marketing #SocialMedia #Trending #Growth,Learn more!,Single Photo,high,gemini_synthetic
LinkedIn,Casual,Students,Designed for Students — experience the difference 💡,#AI #Marketing #SocialMedia #Trending #Growth,Learn more!,Story,high,gemini_synthetic
LinkedIn,Professional,Gen Z,LinkedIn post for Gen Z in a professional tone ✨,#AI #Marketing #SocialMedia #Trending #Growth,Check it out!,Reel,high,gemini_synthetic
LinkedIn,Professional,Gen Z,Level up your feed with this professional vibe 🔥,#AI #Marketing #SocialMedia #Trending #Growth,Don’t miss this!,Single Photo,low,gemini_synthetic
LinkedIn,Professional,Gen Z,Designed for Gen Z — experience the difference 💡,#AI #Marketing #SocialMedia #Trending #Growth,Check it out!,Carousel,medium,gemini_synthetic
LinkedIn,Professional,Millennials,LinkedIn post for Millennials in a professional tone ✨,#AI #Marketing #SocialMedia #Trending #Growth,Don’t miss this!,Single Photo,low,gemini_synthetic
LinkedIn,Professional,Millennials,Level up your feed with this professional vibe 🔥,#AI #Marketing #SocialMedia #Trending #Growth,Don’t miss this!,Carousel,high,gemini_synthetic
LinkedIn,Professional,Millennials,Designed for Millennials — experience the difference 💡,#AI #Marketing #SocialMedia #Trending #Growth,Don’t miss this!,Tweet,high,gemini_synthetic
LinkedIn,Professional,Professionals,LinkedIn post for Professionals in a professional tone ✨,#AI #Marketing #SocialMedia #Trending #Growth,Don’t miss this!,Carousel,medium,gemini_synthetic
LinkedIn,Professional,Professionals,Level up your feed with this professional vibe 🔥,#AI #Marketing #SocialMedia #Trending #Growth,Check it out!,Single Photo,low,gemini_synthetic
LinkedIn,Professional,Professionals,Designed for Professionals — experience the difference 💡,#AI #Marketing #SocialMedia #Trending #Growth,Learn more!,Tweet,high,gemini_synthetic
LinkedIn,Professional,Students,LinkedIn post for Students in a professional tone ✨,#AI #Marketing #SocialMedia #Trending #Growth,Don’t miss this!,Story,medium,gemini_synthetic
LinkedIn,Professional,Students,Level up your feed with this professional vibe 🔥,#AI #Marketing #SocialMedia #Trending #Growth,Don’t miss this!,Single Photo,medium,gemini_synthetic
LinkedIn,Professional,Students,Designed for Students — experience the difference 💡,#AI #Marketing #SocialMedia #Trending #Growth,Learn more!,Tweet,high,gemini_synthetic
LinkedIn,Inspirational,Gen Z,LinkedIn post for Gen Z in a inspirational tone ✨,#AI #Marketing #SocialMedia #Trending #Growth,Don’t miss this!,Reel,medium,gemini_synthetic
LinkedIn,Inspirational,Gen Z,Level up your feed with this inspirational vibe 🔥,#AI #Marketing #SocialMedia #Trending #Growth,Learn more!,Reel,high,gemini_synthetic
LinkedIn,Inspirational,Gen Z,Designed for Gen Z — experience the difference 💡,#AI #Marketing #SocialMedia #Trending #Growth,Learn more!,Tweet,high,gemini_synthetic
LinkedIn,Inspirational,Millennials,LinkedIn post for Millennials in a inspirational tone ✨,#AI #Marketing #SocialMedia #Trending #Growth,Don’t miss this!,Reel,high,gemini_synthetic
LinkedIn,Inspirational,Millennials,Level up your feed with this inspirational vibe 🔥,#AI #Marketing #SocialMedia #Trending #Growth,Don’t miss this!,Story,low,gemini_synthetic
LinkedIn,Inspirational,Millennials,Designed for Millennials — experience the difference 💡,#AI #Marketing #SocialMedia #Trending #Growth,Learn more!,Single Photo,high,gemini_synthetic
LinkedIn,Inspirational,Professionals,LinkedIn post for Professionals in a inspirational tone ✨,#AI #Marketing #SocialMedia #Trending #Growth,Check it out!,Reel,low,gemini_synthetic
LinkedIn,Inspirational,Professionals,Level up your feed with this inspirational vibe 🔥,#AI #Marketing #SocialMedia #Trending #Growth,Check it out!,Single Photo,high,gemini_synthetic
LinkedIn,Inspirational,Professionals,Designed for Professionals — experience the difference 💡,#AI #Marketing #SocialMedia #Trending #Growth,Don’t miss this!,Story,low,gemini_synthetic
LinkedIn,Inspirational,Students,LinkedIn post for Students in a inspirational tone ✨,#AI #Marketing #SocialMedia #Trending #Growth,Learn more!,Single Photo,low,gemini_synthetic
LinkedIn,Inspirational,Students,Level up your feed with this inspirational vibe 🔥,#AI #Marketing #SocialMedia #Trending #Growth,Learn more!,Reel,low,gemini_synthetic
LinkedIn,Inspirational,Students,Designed for Students — experience the difference 💡,#AI #Marketing #SocialMedia #Trending #Growth,Don’t miss this!,Single Photo,high,gemini_synthetic
LinkedIn,Humorous,Gen Z,LinkedIn post for Gen Z in a humorous tone ✨,#AI #Marketing #SocialMedia #Trending #Growth,Check it out!,Carousel,low,gemini_synthetic
LinkedIn,Humorous,Gen Z,Level up your feed with this humorous vibe 🔥,#AI #Marketing #SocialMedia #Trending #Growth,Check it out!,Tweet,high,gemini_synthetic
LinkedIn,Humorous,Gen Z,Designed for Gen Z — experience the difference 💡,#AI #Marketing #SocialMedia #Trending #Growth,Don’t miss this!,Single Photo,high,gemini_synthetic
LinkedIn,Humorous,Millennials,LinkedIn post for Millennials in a humorous tone ✨,#AI #Marketing #SocialMedia #Trending #Growth,Learn more!,Carousel,low,gemini_synthetic
LinkedIn,Humorous,Millennials,Level up your feed with this humorous vibe 🔥,#AI #Marketing #SocialMedia #Trending #Growth,Check it out!,Tweet,low,gemini_synthetic
LinkedIn,Humorous,Millennials,Designed for Millennials — experience the difference 💡,#AI #Marketing #SocialMedia #Trending #Growth,Learn more!,Reel,medium,gemini_synthetic
LinkedIn,Humorous,Professionals,LinkedIn post for Professionals in a humorous tone ✨,#AI #Marketing #SocialMedia #Trending #Growth,Check it out!,Story,high,gemini_synthetic
LinkedIn,Humorous,Professionals,Level up your feed with this humorous vibe 🔥,#AI #Marketing #SocialMedia #Trending #Growth,Learn more!,Reel,medium,gemini_synthetic
LinkedIn,Humorous,Professionals,Designed for Professionals — experience the difference 💡,#AI #Marketing #SocialMedia #Trending #Growth,Don’t miss this!,Single Photo,low,gemini_synthetic
LinkedIn,Humorous,Students,LinkedIn post for Students in a humorous tone ✨,#AI #Marketing #SocialMedia #Trending #Growth,Learn more!,Single Photo,medium,gemini_synthetic
LinkedIn,Humorous,Students,Level up your feed with this humorous vibe 🔥,#AI #Marketing #SocialMedia #Trending #Growth,Don’t miss this!,Carousel,medium,gemini_synthetic
LinkedIn,Humorous,Students,Designed for Students — experience the difference 💡,#AI #Marketing #SocialMedia #Trending #Growth,Check it out!,Single Photo,medium,gemini_synthetic
LinkedIn,Urgent,Gen Z,LinkedIn post for Gen Z in a urgent tone ✨,#AI #Marketing #SocialMedia #Trending #Growth,Check it out!,Reel,high,gemini_synthetic
LinkedIn,Urgent,Gen Z,Level up your feed with this urgent vibe 🔥,#AI #Marketing #SocialMedia #Trending #Growth,Check it out!,Carousel,low,gemini_synthetic
LinkedIn,Urgent,Gen Z,Designed for Gen Z — experience the difference 💡,#AI #Marketing #SocialMedia #Trending #Growth,Don’t miss this!,Reel,high,gemini_synthetic
LinkedIn,Urgent,Millennials,LinkedIn post for Millennials in a urgent tone ✨,#AI #Marketing #SocialMedia #Trending #Growth,Check it out!,Tweet,low,gemini_synthetic
LinkedIn,Urgent,Millennials,Level up your feed with this urgent vibe 🔥,#AI #Marketing #SocialMedia #Trending #Growth,Learn more!,Single Photo,low,gemini_synthetic
LinkedIn,Urgent,Millennials,Designed for Millennials — experience the difference 💡,#AI #Marketing #SocialMedia #Trending #Growth,Don’t miss this!,Reel,high,gemini_synthetic
LinkedIn,Urgent,Professionals,LinkedIn post for Professionals in a urgent tone ✨,#AI #Marketing #SocialMedia #Trending #Growth,Learn more!,Single Photo,low,gemini_synthetic
LinkedIn,Urgent,Professionals,Level up your feed with this urgent vibe 🔥,#AI #Marketing #SocialMedia #Trending #Growth,Don’t miss this!,Story,high,gemini_synthetic
LinkedIn,Urgent,Professionals,Designed for Professionals — experience the difference 💡,#AI #Marketing #SocialMedia #Trending #Growth,Learn more!,Tweet,low,gemini_synthetic
LinkedIn,Urgent,Students,LinkedIn post for Students in a urgent tone ✨,#AI #Marketing #SocialMedia #Trending #Growth,Check it out!,Reel,high,gemini_synthetic
LinkedIn,Urgent,Students,Level up your feed with this urgent vibe 🔥,#AI #Marketing #SocialMedia #Trending #Growth,Don’t miss this!,Story,medium,gemini_synthetic
LinkedIn,Urgent,Students,Designed for Students — experience the difference 💡,#AI #Marketing #SocialMedia #Trending #Growth,Learn more!,Carousel,high,gemini_synthetic
Facebook,Casual,Gen Z,Facebook post for Gen Z in a casual tone ✨,#AI #Marketing #SocialMedia #Trending #Growth,Don’t miss this!,Carousel,low,gemini_synthetic
Facebook,Casual,Gen Z,Level up your feed with this casual vibe 🔥,#AI #Marketing #SocialMedia #Trending #Growth,Check it out!,Reel,medium,gemini_synthetic
Facebook,Casual,Gen Z,Designed for Gen Z — experience the difference 💡,#AI #Marketing #SocialMedia #Trending #Growth,Don’t miss this!,Reel,medium,gemini_synthetic
Facebook,Casual,Millennials,Facebook post for Millennials in a casual tone ✨,#AI #Marketing #SocialMedia #Trending #Growth,Check it out!,Single Photo,medium,gemini_synthetic
Facebook,Casual,Millennials,Level up your feed with this casual vibe 🔥,#AI #Marketing #SocialMedia #Trending #Growth,Learn more!,Single Photo,low,gemini_synthetic
Facebook,Casual,Millennials,Designed for Millennials — experience the difference 💡,#AI #Marketing #SocialMedia #Trending #Growth,Learn more!,Tweet,high,gemini_synthetic
Facebook,Casual,Professionals,Facebook post for Professionals in a casual tone ✨,#AI #Marketing #SocialMedia #Trending #Growth,Learn more!,Story,high,gemini_synthetic
Facebook,Casual,Professionals,Level up your feed with this casual vibe 🔥,#AI #Marketing #SocialMedia #Trending #Growth,Check it out!,Story,high,gemini_synthetic
Facebook,Casual,Professionals,Designed for Professionals — experience the difference 💡,#AI #Marketing #SocialMedia #Trending #Growth,Don’t miss this!,Single Photo,high,gemini_synthetic
Facebook,Casual,Students,Facebook post for Students in a casual tone ✨,#AI #Marketing #SocialMedia #Trending #Growth,Learn more!,Tweet,medium,gemini_synthetic
Facebook,Casual,Students,Level up your feed with this casual vibe 🔥,#AI #Marketing #SocialMedia #Trending #Growth,Don’t miss this!,Tweet,high,gemini_synthetic
Facebook,Casual,Students,Designed for Students — experience the difference 💡,#AI #Marketing #SocialMedia #Trending #Growth,Don’t miss this!,Single Photo,low,gemini_synthetic
Facebook,Professional,Gen Z,Facebook post for Gen Z in a professional tone ✨,#AI #Marketing #SocialMedia #Trending #Growth,Don’t miss this!,Carousel,high,gemini_synthetic
Facebook,Professional,Gen Z,Level up your feed with this professional vibe 🔥,#AI #Marketing #SocialMedia #Trending #Growth,Don’t miss this!,Reel,high,gemini_synthetic
Facebook,Professional,Gen Z,Designed for Gen Z — experience the difference 💡,#AI #Marketing #SocialMedia #Trending #Growth,Learn more!,Story,low,gemini_synthetic
Facebook,Professional,Millennials,Facebook post for Millennials in a professional tone ✨,#AI #Marketing #SocialMedia #Trending #Growth,Learn more!,Reel,low,gemini_synthetic
Facebook,Professional,Millennials,Level up your feed with this professional vibe 🔥,#AI #Marketing #SocialMedia #Trending #Growth,Learn more!,Story,medium,gemini_synthetic
Facebook,Professional,Millennials,Designed for Millennials — experience the difference 💡,#AI #Marketing #SocialMedia #Trending #Growth,Check it out!,Story,high,gemini_synthetic
Facebook,Professional,Professionals,Facebook post for Professionals in a professional tone ✨,#AI #Marketing #SocialMedia #Trending #Growth,Don’t miss this!,Reel,high,gemini_synthetic
Facebook,Professional,Professionals,Level up your feed with this professional vibe 🔥,#AI #Marketing #SocialMedia #Trending #Growth,Learn more!,Carousel,medium,gemini_synthetic
Facebook,Professional,Professionals,Designed for Professionals — experience the difference 💡,#AI #Marketing #SocialMedia #Trending #Growth,Check it out!,Single Photo,low,gemini_synthetic
Facebook,Professional,Students,Facebook post for Students in a professional tone ✨,#AI #Marketing #SocialMedia #Trending #Growth,Learn more!,Reel,low,gemini_synthetic
Facebook,Professional,Students,Level up your feed with this professional vibe 🔥,#AI #Marketing #SocialMedia #Trending #Growth,Check it out!,Carousel,low,gemini_synthetic
Facebook,Professional,Students,Designed for Students — experience the difference 💡,#AI #Marketing #SocialMedia #Trending #Growth,Learn more!,Reel,medium,gemini_synthetic
Facebook,Inspirational,Gen Z,Facebook post for Gen Z in a inspirational tone ✨,#AI #Marketing #SocialMedia #Trending #Growth,Don’t miss this!,Single Photo,medium,gemini_synthetic
Facebook,Inspirational,Gen Z,Level up your feed with this inspirational vibe 🔥,#AI #Marketing #SocialMedia #Trending #Growth,Don’t miss this!,Tweet,high,gemini_synthetic
Facebook,Inspirational,Gen Z,Designed for Gen Z — experience the difference 💡,#AI #Marketing #SocialMedia #Trending #Growth,Don’t miss this!,Tweet,low,gemini_synthetic
Facebook,Inspirational,Millennials,Facebook post for Millennials in a inspirational tone ✨,#AI #Marketing #SocialMedia #Trending #Growth,Check it out!,Single Photo,medium,gemini_synthetic
Facebook,Inspirational,Millennials,Level up your feed with this inspirational vibe 🔥,#AI #Marketing #SocialMedia #Trending #Growth,Check it out!,Tweet,low,gemini_synthetic
Facebook,Inspirational,Millennials,Designed for Millennials — experience the difference 💡,#AI #Marketing #SocialMedia #Trending #Growth,Learn more!,Carousel,high,gemini_synthetic
Facebook,Inspirational,Professionals,Facebook post for Professionals in a inspirational tone ✨,#AI #Marketing #SocialMedia #Trending #Growth,Learn more!,Single Photo,low,gemini_synthetic
Facebook,Inspirational,Professionals,Level up your feed with this inspirational vibe 🔥,#AI #Marketing #SocialMedia #Trending #Growth,Learn more!,Story,medium,gemini_synthetic
Facebook,Inspirational,Professionals,Designed for Professionals — experience the difference 💡,#AI #Marketing #SocialMedia #Trending #Growth,Don’t miss this!,Tweet,medium,gemini_synthetic
Facebook,Inspirational,Students,Facebook post for Students in a inspirational tone ✨,#AI #Marketing #SocialMedia #Trending #Growth,Learn more!,Tweet,medium,gemini_synthetic
Facebook,Inspirational,Students,Level up your feed with this inspirational vibe 🔥,#AI #Marketing #SocialMedia #Trending #Growth,Learn more!,Reel,high,gemini_synthetic
Facebook,Inspirational,Students,Designed for Students — experience the difference 💡,#AI #Marketing #SocialMedia #Trending #Growth,Learn more!,Reel,high,gemini_synthetic
Facebook,Humorous,Gen Z,Facebook post for Gen Z in a humorous tone ✨,#AI #Marketing #SocialMedia #Trending #Growth,Don’t miss this!,Single Photo,medium,gemini_synthetic
Facebook,Humorous,Gen Z,Level up your feed with this humorous vibe 🔥,#AI #Marketing #SocialMedia #Trending #Growth,Learn more!,Story,medium,gemini_synthetic
Facebook,Humorous,Gen Z,Designed for Gen Z — experience the difference 💡,#AI #Marketing #SocialMedia #Trending #Growth,Check it out!,Carousel,high,gemini_synthetic
Facebook,Humorous,Millennials,Facebook post for Millennials in a humorous tone ✨,#AI #Marketing #SocialMedia #Trending #Growth,Check it out!,Single Photo,high,gemini_synthetic
Facebook,Humorous,Millennials,Level up your feed with this humorous vibe 🔥,#AI #Marketing #SocialMedia #Trending #Growth,Learn more!,Reel,high,gemini_synthetic
Facebook,Humorous,Millennials,Designed for Millennials — experience the difference 💡,#AI #Marketing #SocialMedia #Trending #Growth,Check it out!,Reel,low,gemini_synthetic
Facebook,Humorous,Professionals,Facebook post for Professionals in a humorous tone ✨,#AI #Marketing #SocialMedia #Trending #Growth,Learn more!,Single Photo,high,gemini_synthetic
Facebook,Humorous,Professionals,Level up your feed with this humorous vibe 🔥,#AI #Marketing #SocialMedia #Trending #Growth,Don’t miss this!,Tweet,low,gemini_synthetic
Facebook,Humorous,Professionals,Designed for Professionals — experience the difference 💡,#AI #Marketing #SocialMedia #Trending #Growth,Learn more!,Carousel,high,gemini_synthetic
Facebook,Humorous,Students,Facebook post for Students in a humorous tone ✨,#AI #Marketing #SocialMedia #Trending #Growth,Check it out!,Story,medium,gemini_synthetic
Facebook,Humorous,Students,Level up your feed with this humorous vibe 🔥,#AI #Marketing #SocialMedia #Trending #Growth,Don’t miss this!,Reel,high,gemini_synthetic
Facebook,Humorous,Students,Designed for Students — experience the difference 💡,#AI #Marketing #SocialMedia #Trending #Growth,Don’t miss this!,Reel,medium,gemini_synthetic
Facebook,Urgent,Gen Z,Facebook post for Gen Z in a urgent tone ✨,#AI #Marketing #SocialMedia #Trending #Growth,Learn more!,Story,low,gemini_synthetic
Facebook,Urgent,Gen Z,Level up your feed with this urgent vibe 🔥,#AI #Marketing #SocialMedia #Trending #Growth,Check it out!,Reel,low,gemini_synthetic
Facebook,Urgent,Gen Z,Designed for Gen Z — experience the difference 💡,#AI #Marketing #SocialMedia #Trending #Growth,Learn more!,Tweet,medium,gemini_synthetic
Facebook,Urgent,Millennials,Facebook post for Millennials in a urgent tone ✨,#AI #Marketing #SocialMedia #Trending #Growth,Learn more!,Carousel,medium,gemini_synthetic
Facebook,Urgent,Millennials,Level up your feed with this urgent vibe 🔥,#AI #Marketing #SocialMedia #Trending #Growth,Check it out!,Reel,medium,gemini_synthetic
Facebook,Urgent,Millennials,Designed for Millennials — experience the difference 💡,#AI #Marketing #SocialMedia #Trending #Growth,Don’t miss this!,Tweet,low,gemini_synthetic
Facebook,Urgent,Professionals,Facebook post for Professionals in a urgent tone ✨,#AI #Marketing #SocialMedia #Trending #Growth,Don’t miss this!,Single Photo,low,gemini_synthetic
Facebook,Urgent,Professionals,Level up your feed with this urgent vibe 🔥,#AI #Marketing #SocialMedia #Trending #Growth,Don’t miss this!,Carousel,low,gemini_synthetic
Facebook,Urgent,Professionals,Designed for Professionals — experience the difference 💡,#AI #Marketing #SocialMedia #Trending #Growth,Check it out!,Story,low,gemini_synthetic
Facebook,Urgent,Students,Facebook post for Students in a urgent tone ✨,#AI #Marketing #SocialMedia #Trending #Growth,Learn more!,Story,low,gemini_synthetic
Facebook,Urgent,Students,Level up your feed with this urgent vibe 🔥,#AI #Marketing #SocialMedia #Trending #Growth,Learn more!,Single Photo,medium,gemini_synthetic
Facebook,Urgent,Students,Designed for Students — experience the difference 💡,#AI #Marketing #SocialMedia #Trending #Growth,Check it out!,Tweet,low,gemini_synthetic
TikTok,Casual,Gen Z,TikTok post for Gen Z in a casual tone ✨,#AI #Marketing #SocialMedia #Trending #Growth,Check it out!,Reel,medium,gemini_synthetic
TikTok,Casual,Gen Z,Level up your feed with this casual vibe 🔥,#AI #Marketing #SocialMedia #Trending #Growth,Don’t miss this!,Single Photo,low,gemini_synthetic
TikTok,Casual,Gen Z,Designed for Gen Z — experience the difference 💡,#AI #Marketing #SocialMedia #Trending #Growth,Don’t miss this!,Carousel,medium,gemini_synthetic
TikTok,Casual,Millennials,TikTok post for Millennials in a casual tone ✨,#AI #Marketing #SocialMedia #Trending #Growth,Don’t miss this!,Reel,medium,gemini_synthetic
TikTok,Casual,Millennials,Level up your feed with this casual vibe 🔥,#AI #Marketing #SocialMedia #Trending #Growth,Don’t miss this!,Carousel,low,gemini_synthetic
TikTok,Casual,Millennials,Designed for Millennials — experience the difference 💡,#AI #Marketing #SocialMedia #Trending #Growth,Learn more!,Story,medium,gemini_synthetic
TikTok,Casual,Professionals,TikTok post for Professionals in a casual tone ✨,#AI #Marketing #SocialMedia #Trending #Growth,Don’t miss this!,Reel,high,gemini_synthetic
TikTok,Casual,Professionals,Level up your feed with this casual vibe 🔥,#AI #Marketing #SocialMedia #Trending #Growth,Check it out!,Tweet,high,gemini_synthetic
TikTok,Casual,Professionals,Designed for Professionals — experience the difference 💡,#AI #Marketing #SocialMedia #Trending #Growth,Don’t miss this!,Tweet,medium,gemini_synthetic
TikTok,Casual,Students,TikTok post for Students in a casual tone ✨,#AI #Marketing #SocialMedia #Trending #Growth,Learn more!,Story,high,gemini_synthetic
TikTok,Casual,Students,Level up your feed with this casual vibe 🔥,#AI #Marketing #SocialMedia #Trending #Growth,Check it out!,Reel,high,gemini_synthetic
TikTok,Casual,Students,Designed for Students — experience the difference 💡,#AI #Marketing #SocialMedia #Trending #Growth,Check it out!,Tweet,high,gemini_synthetic
TikTok,Professional,Gen Z,TikTok post for Gen Z in a professional tone ✨,#AI #Marketing #SocialMedia #Trending #Growth,Check it out!,Tweet,medium,gemini_synthetic
TikTok,Professional,Gen Z,Level up your feed with this professional vibe 🔥,#AI #Marketing #SocialMedia #Trending #Growth,Check it out!,Single Photo,medium,gemini_synthetic
TikTok,Professional,Gen Z,Designed for Gen Z — experience the difference 💡,#AI #Marketing #SocialMedia #Trending #Growth,Learn more!,Reel,medium,gemini_synthetic
TikTok,Professional,Millennials,TikTok post for Millennials in a professional tone ✨,#AI #Marketing #SocialMedia #Trending #Growth,Don’t miss this!,Single Photo,high,gemini_synthetic
TikTok,Professional,Millennials,Level up your feed with this professional vibe 🔥,#AI #Marketing #SocialMedia #Trending #Growth,Don’t miss this!,Tweet,low,gemini_synthetic
TikTok,Professional,Millennials,Designed for Millennials — experience the difference 💡,#AI #Marketing #SocialMedia #Trending #Growth,Don’t miss this!,Single Photo,low,gemini_synthetic
TikTok,Professional,Professionals,TikTok post for Professionals in a professional tone ✨,#AI #Marketing #SocialMedia #Trending #Growth,Learn more!,Tweet,low,gemini_synthetic
TikTok,Professional,Professionals,Level up your feed with this professional vibe 🔥,#AI #Marketing #SocialMedia #Trending #Growth,Don’t miss this!,Tweet,low,gemini_synthetic
TikTok,Professional,Professionals,Designed for Professionals — experience the difference 💡,#AI #Marketing #SocialMedia #Trending #Growth,Don’t miss this!,Tweet,medium,gemini_synthetic
TikTok,Professional,Students,TikTok post for Students in a professional tone ✨,#AI #Marketing #SocialMedia #Trending #Growth,Don’t miss this!,Carousel,high,gemini_synthetic
TikTok,Professional,Students,Level up your feed with this professional vibe 🔥,#AI #Marketing #SocialMedia #Trending #Growth,Check it out!,Tweet,high,gemini_synthetic
TikTok,Professional,Students,Designed for Students — experience the difference 💡,#AI #Marketing #SocialMedia #Trending #Growth,Check it out!,Tweet,medium,gemini_synthetic
TikTok,Inspirational,Gen Z,TikTok post for Gen Z in a inspirational tone ✨,#AI #Marketing #SocialMedia #Trending #Growth,Don’t miss this!,Reel,high,gemini_synthetic
TikTok,Inspirational,Gen Z,Level up your feed with this inspirational vibe 🔥,#AI #Marketing #SocialMedia #Trending #Growth,Check it out!,Reel,low,gemini_synthetic
TikTok,Inspirational,Gen Z,Designed for Gen Z — experience the difference 💡,#AI #Marketing #SocialMedia #Trending #Growth,Don’t miss this!,Carousel,medium,gemini_synthetic
TikTok,Inspirational,Millennials,TikTok post for Millennials in a inspirational tone ✨,#AI #Marketing #SocialMedia #Trending #Growth,Learn more!,Story,low,gemini_synthetic
TikTok,Inspirational,Millennials,Level up your feed with this inspirational vibe 🔥,#AI #Marketing #SocialMedia #Trending #Growth,Check it out!,Reel,high,gemini_synthetic
TikTok,Inspirational,Millennials,Designed for Millennials — experience the difference 💡,#AI #Marketing #SocialMedia #Trending #Growth,Don’t miss this!,Story,high,gemini_synthetic
TikTok,Inspirational,Professionals,TikTok post for Professionals in a inspirational tone ✨,#AI #Marketing #SocialMedia #Trending #Growth,Learn more!,Reel,medium,gemini_synthetic
TikTok,Inspirational,Professionals,Level up your feed with this inspirational vibe 🔥,#AI #Marketing #SocialMedia #Trending #Growth,Don’t miss this!,Single Photo,low,gemini_synthetic
TikTok,Inspirational,Professionals,Designed for Professionals — experience the difference 💡,#AI #Marketing #SocialMedia #Trending #Growth,Don’t miss this!,Single Photo,high,gemini_synthetic
TikTok,Inspirational,Students,TikTok post for Students in a inspirational tone ✨,#AI #Marketing #SocialMedia #Trending #Growth,Check it out!,Reel,low,gemini_synthetic
TikTok,Inspirational,Students,Level up your feed with this inspirational vibe 🔥,#AI #Marketing #SocialMedia #Trending #Growth,Don’t miss this!,Tweet,low,gemini_synthetic
TikTok,Inspirational,Students,Designed for Students — experience the difference 💡,#AI #Marketing #SocialMedia #Trending #Growth,Don’t miss this!,Carousel,high,gemini_synthetic
TikTok,Humorous,Gen Z,TikTok post for Gen Z in a humorous tone ✨,#AI #Marketing #SocialMedia #Trending #Growth,Don’t miss this!,Carousel,medium,gemini_synthetic
TikTok,Humorous,Gen Z,Level up your feed with this humorous vibe 🔥,#AI #Marketing #SocialMedia #Trending #Growth,Don’t miss this!,Carousel,medium,gemini_synthetic
TikTok,Humorous,Gen Z,Designed for Gen Z — experience the difference 💡,#AI #Marketing #SocialMedia #Trending #Growth,Don’t miss this!,Story,low,gemini_synthetic
TikTok,Humorous,Millennials,TikTok post for Millennials in a humorous tone ✨,#AI #Marketing #SocialMedia #Trending #Growth,Don’t miss this!,Carousel,medium,gemini_synthetic
TikTok,Humorous,Millennials,Level up your feed with this humorous vibe 🔥,#AI #Marketing #SocialMedia #Trending #Growth,Don’t miss this!,Story,medium,gemini_synthetic
TikTok,Humorous,Millennials,Designed for Millennials — experience the difference 💡,#AI #Marketing #SocialMedia #Trending #Growth,Learn more!,Story,medium,gemini_synthetic
TikTok,Humorous,Professionals,TikTok post for Professionals in a humorous tone ✨,#AI #Marketing #SocialMedia #Trending #Growth,Check it out!,Reel,high,gemini_synthetic
TikTok,Humorous,Professionals,Level up your feed with this humorous vibe 🔥,#AI #Marketing #SocialMedia #Trending #Growth,Check it out!,Single Photo,low,gemini_synthetic
TikTok,Humorous,Professionals,Designed for Professionals — experience the difference 💡,#AI #Marketing #SocialMedia #Trending #Growth,Don’t miss this!,Carousel,low,gemini_synthetic
TikTok,Humorous,Students,TikTok post for Students in a humorous tone ✨,#AI #Marketing #SocialMedia #Trending #Growth,Don’t miss this!,Tweet,high,gemini_synthetic
TikTok,Humorous,Students,Level up your feed with this humorous vibe 🔥,#AI #Marketing #SocialMedia #Trending #Growth,Don’t miss this!,Carousel,medium,gemini_synthetic
TikTok,Humorous,Students,Designed for Students — experience the difference 💡,#AI #Marketing #SocialMedia #Trending #Growth,Learn more!,Story,high,gemini_synthetic
TikTok,Urgent,Gen Z,TikTok post for Gen Z in a urgent tone ✨,#AI #Marketing #SocialMedia #Trending #Growth,Learn more!,Story,low,gemini_synthetic
TikTok,Urgent,Gen Z,Level up your feed with this urgent vibe 🔥,#AI #Marketing #SocialMedia #Trending #Growth,Learn more!,Story,low,gemini_synthetic
TikTok,Urgent,Gen Z,Designed for Gen Z — experience the difference 💡,#AI #Marketing #SocialMedia #Trending #Growth,Check it out!,Reel,medium,gemini_synthetic
TikTok,Urgent,Millennials,TikTok post for Millennials in a urgent tone ✨,#AI #Marketing #SocialMedia #Trending #Growth,Learn more!,Single Photo,medium,gemini_synthetic
TikTok,Urgent,Millennials,Level up your feed with this urgent vibe 🔥,#AI #Marketing #SocialMedia #Trending #Growth,Learn more!,Carousel,high,gemini_synthetic
TikTok,Urgent,Millennials,Designed for Millennials — experience the difference 💡,#AI #Marketing #SocialMedia #Trending #Growth,Check it out!,Story,high,gemini_synthetic
TikTok,Urgent,Professionals,TikTok post for Professionals in a urgent tone ✨,#AI #Marketing #SocialMedia #Trending #Growth,Don’t miss this!,Story,high,gemini_synthetic
TikTok,Urgent,Professionals,Level up your feed with this urgent vibe 🔥,#AI #Marketing #SocialMedia #Trending #Growth,Don’t miss this!,Single Photo,medium,gemini_synthetic
TikTok,Urgent,Professionals,Designed for Professionals — experience the difference 💡,#AI #Marketing #SocialMedia #Trending #Growth,Don’t miss this!,Reel,high,gemini_synthetic
TikTok,Urgent,Students,TikTok post for Students in a urgent tone ✨,#AI #Marketing #SocialMedia #Trending #Growth,Learn more!,Reel,high,gemini_synthetic
TikTok,Urgent,Students,Level up your feed with this urgent vibe 🔥,#AI #Marketing #SocialMedia #Trending #Growth,Check it out!,Reel,low,gemini_synthetic
TikTok,Urgent,Students,Designed for Students — experience the difference 💡,#AI #Marketing #SocialMedia #Trending #Growth,Check it out!,Story,medium,gemini_synthetic
