caption,caption_cleaned,tone,platform,audience,hashtags,cta,engagement_label
Just dropped our new summer collection and honestly we're obsessed 🔥 Which one is your fave?,dropped new summer collection honestly obsessed one fave,Casual,Instagram,Gen Z,#SummerVibes #NewDrop #OOTD #Fashion #StyleInspo,Tag a friend who needs this! 👇,high
POV: You found the perfect fit and it's actually affordable 😭✨,pov found perfect fit actually affordable,Casual,Instagram,Gen Z,#FashionTok #GRWM #OutfitCheck #Aesthetic #ootdinspo,Shop the link in bio before it sells out!,high
Every small step you take today is building the life you want tomorrow. Keep going 💪,every small step take today building life want tomorrow keep going,Inspirational,Instagram,Millennials,#MondayMotivation #Mindset #GrowthMindset #PositiveVibes #Hustle,Save this for when you need a reminder 🔖,medium
Excited to share that our new product line has officially launched after 18 months of hard work.,excited share new product line officially launched 18 months hard work,Professional,Instagram,Professionals,#ProductLaunch #Innovation #Entrepreneurship #Business #Startup,Read the full story at the link in bio.,medium
Me before coffee: 💀 Me after coffee: ready to answer emails I've been avoiding for 3 days ☕😂,coffee coffee ready answer emails ive avoiding days,Humorous,Instagram,Millennials,#MondayMood #CoffeeLover #RelatableContent #WorkLife #Adulting,Double tap if this is you every morning 😂,high
This new skincare routine has my skin literally glowing ✨ No filter needed fr,new skincare routine skin literally glowing filter needed fr,Casual,Instagram,Gen Z,#SkincareRoutine #GlowUp #SkincareTok #NoFilter #BeautyTips,Full routine in my highlights! Go check it out 👆,high
Being a parent is the hardest job in the world — and also the most rewarding one 💛,parent hardest job world also rewarding one,Inspirational,Instagram,Parents,#ParentingLife #MomLife #DadLife #FamilyFirst #ParentingTips,Share this with a parent who needs to hear it today 💛,medium
LAST CHANCE ⚠️ Our biggest sale of the year ends TONIGHT at midnight. Don't miss out!,last chance biggest sale year ends tonight midnight dont miss,Urgent,Instagram,Millennials,#FlashSale #LastChance #SaleAlert #LimitedTime #ShopNow,Tap the link in bio RIGHT NOW — offer ends at midnight!,high
Not me spending 3 hours making a playlist for a 20 minute drive 😭🎵,spending hours making playlist 20 minute drive,Humorous,Instagram,Gen Z,#MusicLover #PlaylistVibes #Relatable #GenZ #VibeCheck,Comment your current most played song 👇🎶,high
The biggest lesson from scaling to 6 figures? Systems beat motivation every single time.,biggest lesson scaling figures systems beat motivation every single time,Professional,Instagram,Entrepreneurs,#Entrepreneurship #BusinessTips #ScaleUp #StartupLife #CEO,Save this post and share it with your team 📌,medium
the way i just spent 40 minutes looking for my phone while using it as a flashlight 💀,way spent 40 minutes looking phone using flashlight,Casual,Twitter,Gen Z,#Relatable #GenZ #ItHappens,reply with your most embarrassing moment lmao,high
Thrilled to announce that our team has been recognised as a Top 50 Most Innovative Companies this year.,thrilled announce team recognised top 50 innovative companies year,Professional,Twitter,Professionals,#Innovation #Award #BusinessGrowth #Leadership #Proud,Read the full press release — link in bio.,medium
My bank account after the weekend: 👁️👄👁️ My motivation on Monday morning: same,bank account weekend motivation monday morning,Humorous,Twitter,Millennials,#MondayMood #BrokeButHappy #AdultingIsHard #Relatable,RT if your bank account felt this too 💀,high
🚨 BREAKING: Our app is crashing for some users. Our team is on it. Updates every 30 mins here. Sorry for the trouble!,breaking app crashing users team updates every 30 mins sorry trouble,Urgent,Twitter,Millennials,#ServiceUpdate #AppDown #CustomerSupport,DM us if you're affected and we'll help you directly.,high
You don't need to have it all figured out. You just need to take the next step. That's enough for today.,dont need figured need take next step thats enough today,Inspirational,Twitter,Students,#StudentLife #Motivation #YouGotThis #StudyTips #MentalHealth,RT this for the student who needs to hear it 💙,high
hot take: cereal is just a soup and you cannot convince me otherwise,hot take cereal soup convince otherwise,Casual,Twitter,Gen Z,#FoodDebate #HotTake #Unpopular #GenZ,fight me in the comments 👇,high
3 things that changed my business in 2024: 1. Automating repetitive tasks 2. Hiring slow firing fast 3. Weekly team retros,things changed business 2024 automating repetitive tasks hiring slow firing fast weekly team retros,Professional,Twitter,Entrepreneurs,#BusinessTips #Entrepreneurship #Productivity #Leadership,Retweet if any of these helped you too 🙌,high
"my sleep schedule said ""we're not doing that anymore"" and honestly fair enough",sleep schedule said anymore honestly fair enough,Humorous,Twitter,Gen Z,#SleepDeprivation #NightOwl #Relatable #GenZ,who else is reading this at 3am 🙋,high
Your career is not a race. Stop comparing your chapter 3 to someone else's chapter 20.,career race stop comparing chapter someone elses chapter 20,Inspirational,Twitter,Professionals,#CareerAdvice #Growth #Mindset #Professionals #LinkedIn,Save this. You'll need it on a rough day.,medium
ATTENTION: Limited drops available — only 50 units left. Once they're gone they're gone for real this time 🚨,attention limited drops available 50 units left theyre gone theyre gone real time,Urgent,Twitter,Gen Z,#LimitedDrop #SoldOutSoon #HypeDrop #Sneakers,Grab yours now — link below 👇,high
After 10 years in the industry I've learned that soft skills outperform technical skills in the long run. Here's why.,10 years industry ive learned soft skills outperform technical skills long run heres,Professional,Linkedin,Professionals,#Leadership #ProfessionalDevelopment #CareerGrowth #Networking #WorkplaceSkills,What soft skill do you think is most underrated? Drop it in the comments 👇,high
We just closed our Series A funding round. This wouldn't have happened without the incredible team behind us.,closed series funding round wouldnt happened without incredible team behind us,Professional,Linkedin,Entrepreneurs,#Startup #FundingAnnouncement #SeriesA #Entrepreneurship #Grateful,Read our journey from idea to funded startup — link in the comments.,high
I got rejected 12 times before landing my dream job. Rejection is not the end — it's redirection.,got rejected 12 times landing dream job rejection end redirection,Inspirational,Linkedin,Professionals,#CareerAdvice #JobSearch #Resilience #NeverGiveUp #ProfessionalGrowth,Share this with someone who's job hunting right now 🙌,high
Excited to share that I've officially completed my AWS Solutions Architect certification! Hard work pays off.,excited share ive officially completed aws solutions architect certification hard work pays,Professional,Linkedin,Professionals,#AWS #CloudComputing #Certification #TechCareer #ProfessionalDevelopment,What certification are you working towards? Let me know 👇,medium
Nobody talks about the 2am doubt sessions when building a startup. But those sleepless nights are part of the process.,nobody talks 2am doubt sessions building startup sleepless nights part process,Inspirational,Linkedin,Entrepreneurs,#StartupLife #Entrepreneurship #Founder #RealTalk #Resilience,Tag a founder who needs to hear this today 💙,high
Here are 5 data-driven strategies our team used to reduce customer churn by 40% in just 6 months.,datadriven strategies team used reduce customer churn 40 months,Professional,Linkedin,Professionals,#CustomerSuccess #DataDriven #SaaS #GrowthStrategy #B2B,Full case study in the link below. Worth the read.,high
"When the client says ""just a small change"" and it takes 3 developers and 2 weeks 😅 Anyone else?",client says small change takes developers weeks anyone else,Humorous,Linkedin,Professionals,#AgileLife #DevHumor #TechProblems #SoftwareDevelopment #Relatable,React with 💀 if your team has been through this,high
The best investment I made in my business was not in tools or ads — it was in my team's mental wellbeing.,best investment made business tools ads teams mental wellbeing,Professional,Linkedin,Entrepreneurs,#Leadership #CompanyCulture #MentalHealthAtWork #Entrepreneurship,What's the best investment you've made in your team? Share below 👇,medium
First generation college student. First in my family to get a corporate job. First to fail. First to get back up. Your story is your strength.,first generation college student first family get corporate job first fail first get back story strength,Inspirational,Linkedin,Students,#FirstGen #CareerJourney #Inspiration #Students #Proud,Share your first-gen story in the comments 💪,high
Remote work taught me one thing: output matters more than hours. Here's how I restructured my entire workflow.,remote work taught one thing output matters hours heres restructured entire workflow,Professional,Linkedin,Professionals,#RemoteWork #Productivity #WorkFromHome #FutureOfWork #Leadership,What's your top remote work productivity tip? Comment below 👇,high
Who else spent 2 hours cooking dinner only for the kids to say they're not hungry? 😂 Every. Single. Time.,else spent hours cooking dinner kids say theyre hungry every single time,Casual,Facebook,Parents,#ParentingLife #MomProblems #DadJokes #FamilyDinner #Relatable,Tag the parent who needs a laugh today 😂,high
A reminder to all parents: You are doing an amazing job even on the days it doesn't feel like it. 💛,reminder parents amazing job even days doesnt feel like,Inspirational,Facebook,Parents,#ParentingTips #YouAreEnough #MomLife #DadLife #FamilyFirst,Share this with every parent you know 💛,high
⚠️ Important update for all our customers — please read before placing your next order.,important update customers please read placing next order,Urgent,Facebook,Millennials,#CustomerUpdate #ImportantNotice #WeAreListening,Click the link below for full details. Your feedback matters to us.,medium
Summer bucket list loading… 🏖️ Beach trips hiking camping road trips. What are you adding?,summer bucket list loading beach trips hiking camping road trips adding,Casual,Facebook,Gen Z,#SummerPlans #BucketList #SummerVibes #Adventure #Travel,Drop your must-do summer activity below 👇,high
Adulthood is just Googling things your parents used to know and pretending you had a plan all along 😂,adulthood googling things parents used know pretending plan along,Humorous,Facebook,Millennials,#AdultingIsHard #Millennial #Relatable #TrueStory #FunnyBecauseItsTrue,Share with a fellow adult who's figuring it out 😂,high
Teaching your kids kindness is more important than teaching them perfection. Be the example they follow 🌟,teaching kids kindness important teaching perfection example follow,Inspirational,Facebook,Parents,#ParentingAdvice #RaisingKids #KindnessMatters #FamilyValues,Save and share with a parent in your life 🌟,medium
We're officially launching in 3 new cities this month! Thank you for believing in us from day one.,officially launching new cities month thank believing us day one,Professional,Facebook,Entrepreneurs,#BusinessGrowth #Expansion #SmallBusiness #LocalBusiness #Grateful,Find your nearest location at the link below 📍,medium
Sunday mood: pajamas all day snacks and absolutely zero responsibilities 🛋️✨,sunday mood pajamas day snacks absolutely zero responsibilities,Casual,Facebook,Millennials,#SundayVibes #WeekendLife #Cozy #Relatable #ChillDay,What's your perfect Sunday look like? Tell us below 👇,high
🔔 Last reminder! School enrollment closes this Friday. Don't miss the deadline for your child's spot.,last reminder school enrollment closes friday dont miss deadline childs spot,Urgent,Facebook,Parents,#SchoolEnrollment #ParentingTips #BackToSchool #Deadline #ActionRequired,Click the link to secure your child's place today.,high
My hobbies include: starting new shows not finishing them making plans and cancelling and buying things I don't need 💀,hobbies include starting new shows finishing making plans cancelling buying things dont need,Humorous,Facebook,Gen Z,#GenZHumor #Relatable #SameThough #TrueStory,Tag yourself or tag a friend who does all three 😂,high
This hack will save you SO much time in the morning I promise ⏰✨ #lifehack,hack save much time morning promise lifehack,Casual,Tiktok,Gen Z,#LifeHack #MorningRoutine #TikTokTips #FYP #Viral,Follow for more daily hacks that actually work 👆,high
POV: your mom finds your FYP 💀💀💀 #relatable,pov mom finds fyp relatable,Humorous,Tiktok,Gen Z,#FYP #MomFindsOut #Relatable #GenZHumor #TikTokComedy,Comment what she would think 👇😂,high
Nobody told me studying abroad would change my entire perspective on life 🌍 Here's my honest story,nobody told studying abroad would change entire perspective life heres honest story,Inspirational,Tiktok,Students,#StudyAbroad #StudentLife #TravelTok #PersonalGrowth #Perspective,Watch till the end — the last part surprised even me 💙,high
Rating every Starbucks drink so you don't have to ☕🌟 part 1,rating every starbucks drink dont part,Casual,Tiktok,Millennials,#Starbucks #CoffeeRating #FoodTok #CaffeineAddict #DrinkReview,Follow for part 2 dropping tomorrow! ☕,high
Only 24 hours left to enter our giveaway 🚨🎁 Don't miss out!!,24 hours left enter giveaway dont miss,Urgent,Tiktok,Gen Z,#Giveaway #Win #GiveawayAlert #TikTokGiveaway #FreeStuff,Follow + like + comment your country to enter NOW 👇,high
Things I thought I'd have figured out by 30: everything. Things I've actually figured out: how to parallel park sometimes,things thought id figured 30 everything things ive actually figured parallel park sometimes,Humorous,Tiktok,Millennials,#Millennial #Adulting #Over30 #Relatable #TrueStory,Tell me one thing you thought you'd know by now 😂,high
I deleted social media for 30 days and here's what actually happened to my mental health 🧠,deleted social media 30 days heres actually happened mental health,Inspirational,Tiktok,Gen Z,#DigitalDetox #MentalHealthTok #SocialMediaBreak #Wellness #GenZ,This might change how you use your phone. Watch it all 👀,high
Rating my friends' cooking so they never ask me again 😭🍳 #foodtok,rating friends cooking never ask foodtok,Casual,Tiktok,Gen Z,#FoodTok #CookingFail #FriendshipGoals #FYP #Hilarious,Tag the friend who thinks they can cook 😂,high
5 free tools that run my entire business while I sleep 🛠️ No paid ads needed,free tools run entire business sleep paid ads needed,Professional,Tiktok,Entrepreneurs,#BusinessTips #Entrepreneur #PassiveIncome #TikTokBusiness #SideHustle,Save this before you forget it 📌 Link in bio for the full list,high
From failing 2 subjects to graduating with distinction. My honest study transformation story 📚,failing subjects graduating distinction honest study transformation story,Inspirational,Tiktok,Students,#StudyTok #StudentLife #GlowUp #AcademicBounceBack #YouCanDoIt,Share this with a student who needs hope right now 💙,high
Study session snacks ranked from best to worst 🍕📚 Hot take incoming,study session snacks ranked best worst hot take incoming,Casual,Instagram,Students,#StudySnacks #StudentLife #StudyTok #CampusLife #Relatable,Comment your go-to study snack 👇,medium
First year of college felt like drowning. Final year felt like flying. Don't quit during the waves 🌊,first year college felt like drowning final year felt like flying dont quit waves,Inspirational,Instagram,Students,#CollegeLife #StudentJourney #NeverGiveUp #CampusLife #Motivation,Save this for your hardest week 💙,high
why do professors assign everything due at 11:59pm like the last minute won't be used anyway 😭,professors assign everything due 1159pm like last minute wont used anyway,Casual,Twitter,Students,#StudentLife #CollegeProblems #Procrastination #CampusLife,RT if you submitted at 11:58 🙋,high
My kid asked me what clouds are made of. I said water. They asked how. I said science. Parenting is fine.,kid asked clouds made said water asked said science parenting fine,Humorous,Twitter,Parents,#ParentingFails #DadJokes #MomLife #Relatable #FunnyParents,Tag a parent who's winged every science question 😂,high
I applied to 87 jobs. Got 3 interviews. Received 1 offer. That 1 was all I needed. Don't let the numbers discourage you.,applied 87 jobs got interviews received offer needed dont let numbers discourage,Inspirational,Linkedin,Students,#JobSearch #GraduateLife #CareerAdvice #Resilience #FirstJob,Share this with a graduating student today 💙,high
Your GPA does not define your future. Your grit does. Keep pushing forward 💪,gpa define future grit keep pushing forward,Inspirational,Facebook,Students,#StudentLife #Motivation #CollegeAdvice #GrowthMindset #YouGotThis,Share with a student who needs this reminder today 📢,medium
A day in my life as a student: wake up tired go to class tired come home tired sleep tired repeat 💀,day life student wake tired go class tired come home tired sleep tired repeat,Humorous,Tiktok,Students,#StudentLife #CollegeLife #Relatable #TiredAllTheTime #FYP,Comment if this is your life too 😭,high
We bootstrapped from ₹0 to ₹1Cr revenue without a single rupee of external funding. Here's how.,bootstrapped 1cr revenue without single rupee external funding heres,Professional,Instagram,Entrepreneurs,#Bootstrapped #StartupIndia #Entrepreneurship #Revenue #Founder,Full breakdown in our blog — link in bio 📊,high
Unpopular opinion: Your first product should be embarrassingly simple. Complexity kills more startups than competition does.,unpopular opinion first product embarrassingly simple complexity kills startups competition,Professional,Twitter,Entrepreneurs,#StartupAdvice #ProductDevelopment #MVP #Entrepreneur,Agree or disagree? Let's debate 👇,high
I just landed my first internship at a Fortune 500 company with zero connections. Here's what actually worked.,landed first internship fortune 500 company zero connections heres actually worked,Professional,Linkedin,Students,#Internship #CareerTips #Students #JobSearch #EntryLevel,Full strategy in the comments 👇 Hope it helps someone!,high
The summer playlist just dropped and it goes ABSOLUTELY crazy 🎵🔥,summer playlist dropped goes absolutely crazy,Casual,Facebook,Gen Z,#SummerPlaylist #MusicVibes #NewMusic #PlaylistDrop #Banger,Comment the first song you're adding to yours 👇🎶,medium
🚨 Founding member spots are almost full. Once we hit 100 members the price goes up permanently.,founding member spots almost full hit 100 members price goes permanently,Urgent,Instagram,Entrepreneurs,#FoundingMember #EarlyAccess #LimitedSpots #StartupLaunch #JoinNow,Grab your founding member spot right now — link in bio 🔗,high
Things my kids say that make zero sense but somehow make perfect sense 😂 Part 7,things kids say make zero sense somehow make perfect sense part,Casual,Tiktok,Parents,#ParentingTok #KidsSayTheDarnestThings #MomTok #DadTok #FamilyComedy,Follow for Part 8 tomorrow — it only gets better 😂,high
At 25 I had nothing figured out. At 30 I had less figured out. And somehow I'm more at peace than ever.,25 nothing figured 30 less figured somehow im peace ever,Inspirational,Instagram,Millennials,#MillennialLife #SelfGrowth #Mindfulness #30s #PeaceOverPerfection,Share with someone who needs to hear this today 💛,high
millennials really grew up with snake on nokia and now we're talking to AI daily. what a timeline,millennials really grew snake nokia talking ai daily timeline,Casual,Twitter,Millennials,#Millennial #ThrowbackThursday #TechEvolution #NokiaSnake #AI,reply with your first ever phone model 👇,high
We reduced our team's meeting time by 60% using one simple rule: no meeting without a written agenda.,reduced teams meeting time 60 using one simple rule meeting without written agenda,Professional,Linkedin,Professionals,#Productivity #MeetingCulture #LeadershipTips #RemoteWork #Efficiency,What's your best meeting hack? Share below 👇,high
Remember when we thought being an adult meant having it all together? Who lied to us? 😂,remember thought adult meant together lied us,Humorous,Facebook,Millennials,#Adulting #Millennial #GrowingUp #Relatable #RealTalk,Tag the person who also got this wrong 😂,high
How I went from burnout to a 4-day work week without taking a pay cut 💼 Real talk,went burnout 4day work week without taking pay cut real talk,Professional,Tiktok,Professionals,#WorkLifeBalance #BurnoutRecovery #4DayWorkWeek #CareerTips #Productivity,Save this. Watch it when you feel burnout creeping in 📌,high
outfit check ✅ vibe check ✅ bank account check ❌ we don't talk about that,outfit check vibe check bank account check dont talk,Casual,Instagram,Gen Z,#OOTD #FashionTok #BrokeButFashionable #OutfitOfTheDay #GenZFashion,Rate my fit 1-10 in the comments 👇,high
Growth isn't always visible. Sometimes you're just becoming stronger underground like a root system before spring.,growth isnt always visible sometimes youre becoming stronger underground like root system spring,Inspirational,Twitter,Millennials,#Growth #Mindset #Motivation #Resilience #PersonalDevelopment,RT for the person who needs this today 🌱,high
Startup life: Monday — we're going to change the world. Friday — why won't the staging environment work,startup life monday going change world friday wont staging environment work,Humorous,Linkedin,Entrepreneurs,#StartupLife #FounderLife #TechHumor #Relatable #Entrepreneur,React 😂 if your week looked like this,high
You are allowed to outgrow spaces jobs and relationships that no longer serve your growth. That's not giving up — that's wisdom.,allowed outgrow spaces jobs relationships longer serve growth thats giving thats wisdom,Inspirational,Facebook,Millennials,#PersonalGrowth #Mindset #Millennials #LifeLessons #SelfLove,Share this with someone who needs permission to move on 💛,high
The price goes up in 48 hours — here's why thousands are joining before the deadline ⏰,price goes 48 hours heres thousands joining deadline,Urgent,Tiktok,Millennials,#LimitedTime #Sale #JoinNow #Deadline #DontMissOut,Link in bio — grab the early bird price before it's gone 🔗,high
Our team just published original research on AI adoption trends in SMEs. 1200 respondents. Eye-opening results.,team published original research ai adoption trends smes 1200 respondents eyeopening results,Professional,Instagram,Professionals,#AIResearch #SmallBusiness #TechTrends #DataInsights #Innovation,Free download at the link in bio — no email required 📥,medium
no thoughts just vibes and a venti iced coffee tbh,thoughts vibes venti iced coffee tbh,Casual,Twitter,Gen Z,#IcedCoffee #NoThoughts #Vibes #CoffeeAddict #GenZ,what are you sipping on today ☕,high
I took a career break at 32 to travel for 6 months. Here's everything I learned about work life and myself.,took career break 32 travel months heres everything learned work life,Inspirational,Linkedin,Millennials,#CareerBreak #SabbaticalLife #WorkLifeBalance #SelfDiscovery #Millennials,Read the full essay — link in comments. It might be the permission you need.,high
We're officially a team of 25. From 2 co-founders in a garage to a full team solving real problems. Proud doesn't cover it.,officially team 25 cofounders garage full team solving real problems proud doesnt cover,Professional,Facebook,Entrepreneurs,#TeamGrowth #StartupJourney #SmallBusiness #Grateful #MilestoneAlert,Like and share to celebrate this milestone with us! 🎉,medium
I quit my 6 figure job to start something I actually believed in. Here's what happened after year 1 🎯,quit figure job start something actually believed heres happened year,Inspirational,Tiktok,Millennials,#QuietQuitting #CareerChange #Entrepreneurship #TakingTheLeap #Millennial,Watch till the end. The numbers will surprise you.,high
the audacity of my alarm going off on a Monday after the best sleep of my life 😭,audacity alarm going monday best sleep life,Humorous,Instagram,Gen Z,#MondayStruggle #AlarmClock #GenZ #MorningPerson #NotAMorningPerson,Tell me how many times you hit snooze today 💀,high
5 things senior engineers do differently that nobody talks about in bootcamps or CS degrees.,things senior engineers differently nobody talks bootcamps cs degrees,Professional,Twitter,Professionals,#SoftwareDevelopment #CareerAdvice #SeniorEngineer #TechCareer #CodingTips,RT this so it reaches someone starting their tech journey 👇,high
Honest question: Does anyone else feel guilty taking a day off when you run your own business?,honest question anyone else feel guilty taking day run business,Casual,Linkedin,Entrepreneurs,#FounderLife #Entrepreneurship #MentalHealth #SmallBusiness #RealTalk,Drop a 🙋 in the comments if you've felt this too. You're not alone.,high
Sunday morning pancakes with the kids — messy kitchen happy hearts ❤️🥞,sunday morning pancakes kids messy kitchen happy hearts,Casual,Facebook,Parents,#FamilyMorning #PancakeSunday #ParentingJoy #WeekendVibes #FamilyTime,Share your favourite weekend family tradition below 👇,medium
The exact resume format that got me 5 callbacks in 2 weeks as a fresh graduate 📄✅,exact resume format got callbacks weeks fresh graduate,Professional,Tiktok,Students,#ResumeTips #JobSearch #GraduateLife #CareerTok #StudentToEmployee,Save this NOW and use it for your next application 📌,high
They told me the market was too crowded. Two years later we have 50000 customers. Believe in your idea.,told market crowded two years later 50000 customers believe idea,Inspirational,Instagram,Entrepreneurs,#Entrepreneurship #Founder #StartupStory #BelieveInYourself #Success,Save and share with a founder who needs to hear this today 💪,high
"me explaining to my parents why I'm still awake at 3am: ""I was just about to sleep"" (said at 11pm too)",explaining parents im still awake 3am sleep said 11pm,Humorous,Twitter,Gen Z,#NightOwl #GenZHumor #Relatable #SleepSchedule #CantSleep,tell me your best excuse 👇,high
The real reason most startups fail isn't the product or funding. It's founder burnout no one talks about.,real reason startups fail isnt product funding founder burnout one talks,Professional,Linkedin,Entrepreneurs,#FounderMentalHealth #StartupFail #Burnout #Entrepreneurship #Leadership,What's keeping you going on the hard days? Share below 👇,high
🔔 Final reminder — our community doors close for new members this Sunday at midnight.,final reminder community doors close new members sunday midnight,Urgent,Facebook,Millennials,#CommunityLaunch #JoinNow #LastChance #LimitedSpots #Membership,Click the link below and join before the doors close for good 🔗,high
testing viral cleaning hacks so you don't waste your time doing it yourself 🧹✨,testing viral cleaning hacks dont waste time,Casual,Tiktok,Gen Z,#CleaningHacks #CleanTok #ViralHacks #HouseHacks #FYP,follow for the results — part 2 drops tomorrow 👆,high
Just got my Google certification at 19 with zero prior experience. Here's the exact path I followed 🗺️,got google certification 19 zero prior experience heres exact path followed,Professional,Instagram,Students,#GoogleCertification #StudentLife #TechCareer #CareerTips #YoungProfessional,Full step-by-step guide in bio link 📲 It's completely free,high
you're not behind. you're on your own timeline. stop comparing your progress to someone else's highlight reel.,youre behind youre timeline stop comparing progress someone elses highlight reel,Inspirational,Twitter,Gen Z,#GenZ #MentalHealth #SelfGrowth #YouGotThis #Motivation,RT for the person in your timeline who needs this 💙,high
Just completed a 90-day no-meeting sprint with my team. Productivity went up 34%. Here's what we replaced meetings with.,completed 90day nomeeting sprint team productivity went 34 heres replaced meetings,Professional,Linkedin,Professionals,#DeepWork #Productivity #LeadershipHacks #FutureOfWork #NoMeetings,Full breakdown in the article below — it might change how your team works.,high
You are not too young to start. You are not too inexperienced to try. You are not too late. Start today.,young start inexperienced try late start today,Inspirational,Facebook,Gen Z,#GenZ #StartNow #YoungEntrepreneur #Motivation #NeverTooLate,Share this with a young person who's waiting for the right time 💛,high
