caption,tone,platform,audience,hashtags,topic,cta,engagement_label,caption_cleaned,tone_id,platform_id,audience_id,engagement_label_id
We reduced our team's meeting time by 60% using one simple rule: no meeting without a written agenda.,Professional,Linkedin,Professionals,#Productivity #MeetingCulture #LeadershipTips #RemoteWork #Efficiency,,What's your best meeting hack? Share below 👇,high,reduced teams meeting time 60 using one simple rule meeting without written agenda,3,2,4,0
hot take: cereal is just a soup and you cannot convince me otherwise,Casual,Twitter,Gen Z,#FoodDebate #HotTake #Unpopular #GenZ,,fight me in the comments 👇,high,hot take cereal soup convince otherwise,0,4,1,0
outfit check ✅ vibe check ✅ bank account check ❌ we don't talk about that,Casual,Instagram,Gen Z,#OOTD #FashionTok #BrokeButFashionable #OutfitOfTheDay #GenZFashion,,Rate my fit 1-10 in the comments 👇,high,outfit check vibe check bank account check dont talk,0,1,1,0
the audacity of my alarm going off on a Monday after the best sleep of my life 😭,Humorous,Instagram,Gen Z,#MondayStruggle #AlarmClock #GenZ #MorningPerson #NotAMorningPerson,,Tell me how many times you hit snooze today 💀,high,audacity alarm going monday best sleep life,1,1,1,0
Who else spent 2 hours cooking dinner only for the kids to say they're not hungry? 😂 Every. Single. Time.,Casual,Facebook,Parents,#ParentingLife #MomProblems #DadJokes #FamilyDinner #Relatable,,Tag the parent who needs a laugh today 😂,high,else spent hours cooking dinner kids say theyre hungry every single time,0,0,3,0
Summer bucket list loading… 🏖️ Beach trips hiking camping road trips. What are you adding?,Casual,Facebook,Gen Z,#SummerPlans #BucketList #SummerVibes #Adventure #Travel,,Drop your must-do summer activity below 👇,high,summer bucket list loading beach trips hiking camping road trips adding,0,0,1,0
Thrilled to announce that our team has been recognised as a Top 50 Most Innovative Companies this year.,Professional,Twitter,Professionals,#Innovation #Award #BusinessGrowth #Leadership #Proud,,Read the full press release — link in bio.,medium,thrilled announce team recognised top 50 innovative companies year,3,4,4,1
Remember when we thought being an adult meant having it all together? Who lied to us? 😂,Humorous,Facebook,Millennials,#Adulting #Millennial #GrowingUp #Relatable #RealTalk,,Tag the person who also got this wrong 😂,high,remember thought adult meant together lied us,1,0,2,0
Growth isn't always visible. Sometimes you're just becoming stronger underground like a root system before spring.,Inspirational,Twitter,Millennials,#Growth #Mindset #Motivation #Resilience #PersonalDevelopment,,RT for the person who needs this today 🌱,high,growth isnt always visible sometimes youre becoming stronger underground like root system spring,2,4,2,0
A reminder to all parents: You are doing an amazing job even on the days it doesn't feel like it. 💛,Inspirational,Facebook,Parents,#ParentingTips #YouAreEnough #MomLife #DadLife #FamilyFirst,,Share this with every parent you know 💛,high,reminder parents amazing job even days doesnt feel like,2,0,3,0
I quit my 6 figure job to start something I actually believed in. Here's what happened after year 1 🎯,Inspirational,Tiktok,Millennials,#QuietQuitting #CareerChange #Entrepreneurship #TakingTheLeap #Millennial,,Watch till the end. The numbers will surprise you.,high,quit figure job start something actually believed heres happened year,2,3,2,0
The biggest lesson from scaling to 6 figures? Systems beat motivation every single time.,Professional,Instagram,Entrepreneurs,#Entrepreneurship #BusinessTips #ScaleUp #StartupLife #CEO,,Save this post and share it with your team 📌,medium,biggest lesson scaling figures systems beat motivation every single time,3,1,0,1
Startup life: Monday — we're going to change the world. Friday — why won't the staging environment work,Humorous,Linkedin,Entrepreneurs,#StartupLife #FounderLife #TechHumor #Relatable #Entrepreneur,,React 😂 if your week looked like this,high,startup life monday going change world friday wont staging environment work,1,2,0,0
This new skincare routine has my skin literally glowing ✨ No filter needed fr,Casual,Instagram,Gen Z,#SkincareRoutine #GlowUp #SkincareTok #NoFilter #BeautyTips,,Full routine in my highlights! Go check it out 👆,high,new skincare routine skin literally glowing filter needed fr,0,1,1,0
Nobody told me studying abroad would change my entire perspective on life 🌍 Here's my honest story,Inspirational,Tiktok,Students,#StudyAbroad #StudentLife #TravelTok #PersonalGrowth #Perspective,,Watch till the end — the last part surprised even me 💙,high,nobody told studying abroad would change entire perspective life heres honest story,2,3,5,0
Rating my friends' cooking so they never ask me again 😭🍳 #foodtok,Casual,Tiktok,Gen Z,#FoodTok #CookingFail #FriendshipGoals #FYP #Hilarious,,Tag the friend who thinks they can cook 😂,high,rating friends cooking never ask foodtok,0,3,1,0
3 things that changed my business in 2024: 1. Automating repetitive tasks 2. Hiring slow firing fast 3. Weekly team retros,Professional,Twitter,Entrepreneurs,#BusinessTips #Entrepreneurship #Productivity #Leadership,,Retweet if any of these helped you too 🙌,high,things changed business 2024 automating repetitive tasks hiring slow firing fast weekly team retros,3,4,0,0
Things I thought I'd have figured out by 30: everything. Things I've actually figured out: how to parallel park sometimes,Humorous,Tiktok,Millennials,#Millennial #Adulting #Over30 #Relatable #TrueStory,,Tell me one thing you thought you'd know by now 😂,high,things thought id figured 30 everything things ive actually figured parallel park sometimes,1,3,2,0
Adulthood is just Googling things your parents used to know and pretending you had a plan all along 😂,Humorous,Facebook,Millennials,#AdultingIsHard #Millennial #Relatable #TrueStory #FunnyBecauseItsTrue,,Share with a fellow adult who's figuring it out 😂,high,adulthood googling things parents used know pretending plan along,1,0,2,0
LAST CHANCE ⚠️ Our biggest sale of the year ends TONIGHT at midnight. Don't miss out!,Urgent,Instagram,Millennials,#FlashSale #LastChance #SaleAlert #LimitedTime #ShopNow,,Tap the link in bio RIGHT NOW — offer ends at midnight!,high,last chance biggest sale year ends tonight midnight dont miss,4,1,2,0
Honest question: Does anyone else feel guilty taking a day off when you run your own business?,Casual,Linkedin,Entrepreneurs,#FounderLife #Entrepreneurship #MentalHealth #SmallBusiness #RealTalk,,Drop a 🙋 in the comments if you've felt this too. You're not alone.,high,honest question anyone else feel guilty taking day run business,0,2,0,0
The best investment I made in my business was not in tools or ads — it was in my team's mental wellbeing.,Professional,Linkedin,Entrepreneurs,#Leadership #CompanyCulture #MentalHealthAtWork #Entrepreneurship,,What's the best investment you've made in your team? Share below 👇,medium,best investment made business tools ads teams mental wellbeing,3,2,0,1
ATTENTION: Limited drops available — only 50 units left. Once they're gone they're gone for real this time 🚨,Urgent,Twitter,Gen Z,#LimitedDrop #SoldOutSoon #HypeDrop #Sneakers,,Grab yours now — link below 👇,high,attention limited drops available 50 units left theyre gone theyre gone real time,4,4,1,0
We're officially a team of 25. From 2 co-founders in a garage to a full team solving real problems. Proud doesn't cover it.,Professional,Facebook,Entrepreneurs,#TeamGrowth #StartupJourney #SmallBusiness #Grateful #MilestoneAlert,,Like and share to celebrate this milestone with us! 🎉,medium,officially team 25 cofounders garage full team solving real problems proud doesnt cover,3,0,0,1
Here are 5 data-driven strategies our team used to reduce customer churn by 40% in just 6 months.,Professional,Linkedin,Professionals,#CustomerSuccess #DataDriven #SaaS #GrowthStrategy #B2B,,Full case study in the link below. Worth the read.,high,datadriven strategies team used reduce customer churn 40 months,3,2,4,0
My kid asked me what clouds are made of. I said water. They asked how. I said science. Parenting is fine.,Humorous,Twitter,Parents,#ParentingFails #DadJokes #MomLife #Relatable #FunnyParents,,Tag a parent who's winged every science question 😂,high,kid asked clouds made said water asked said science parenting fine,1,4,3,0
🚨 BREAKING: Our app is crashing for some users. Our team is on it. Updates every 30 mins here. Sorry for the trouble!,Urgent,Twitter,Millennials,#ServiceUpdate #AppDown #CustomerSupport,,DM us if you're affected and we'll help you directly.,high,breaking app crashing users team updates every 30 mins sorry trouble,4,4,2,0
Nobody talks about the 2am doubt sessions when building a startup. But those sleepless nights are part of the process.,Inspirational,Linkedin,Entrepreneurs,#StartupLife #Entrepreneurship #Founder #RealTalk #Resilience,,Tag a founder who needs to hear this today 💙,high,nobody talks 2am doubt sessions building startup sleepless nights part process,2,2,0,0
Excited to share that our new product line has officially launched after 18 months of hard work.,Professional,Instagram,Professionals,#ProductLaunch #Innovation #Entrepreneurship #Business #Startup,,Read the full story at the link in bio.,medium,excited share new product line officially launched 18 months hard work,3,1,4,1
"my sleep schedule said ""we're not doing that anymore"" and honestly fair enough",Humorous,Twitter,Gen Z,#SleepDeprivation #NightOwl #Relatable #GenZ,,who else is reading this at 3am 🙋,high,sleep schedule said anymore honestly fair enough,1,4,1,0
🔔 Last reminder! School enrollment closes this Friday. Don't miss the deadline for your child's spot.,Urgent,Facebook,Parents,#SchoolEnrollment #ParentingTips #BackToSchool #Deadline #ActionRequired,,Click the link to secure your child's place today.,high,last reminder school enrollment closes friday dont miss deadline childs spot,4,0,3,0
Not me spending 3 hours making a playlist for a 20 minute drive 😭🎵,Humorous,Instagram,Gen Z,#MusicLover #PlaylistVibes #Relatable #GenZ #VibeCheck,,Comment your current most played song 👇🎶,high,spending hours making playlist 20 minute drive,1,1,1,0
Our team just published original research on AI adoption trends in SMEs. 1200 respondents. Eye-opening results.,Professional,Instagram,Professionals,#AIResearch #SmallBusiness #TechTrends #DataInsights #Innovation,,Free download at the link in bio — no email required 📥,medium,team published original research ai adoption trends smes 1200 respondents eyeopening results,3,1,4,1
Being a parent is the hardest job in the world — and also the most rewarding one 💛,Inspirational,Instagram,Parents,#ParentingLife #MomLife #DadLife #FamilyFirst #ParentingTips,,Share this with a parent who needs to hear it today 💛,medium,parent hardest job world also rewarding one,2,1,3,1
Just got my Google certification at 19 with zero prior experience. Here's the exact path I followed 🗺️,Professional,Instagram,Students,#GoogleCertification #StudentLife #TechCareer #CareerTips #YoungProfessional,,Full step-by-step guide in bio link 📲 It's completely free,high,got google certification 19 zero prior experience heres exact path followed,3,1,5,0
We're officially launching in 3 new cities this month! Thank you for believing in us from day one.,Professional,Facebook,Entrepreneurs,#BusinessGrowth #Expansion #SmallBusiness #LocalBusiness #Grateful,,Find your nearest location at the link below 📍,medium,officially launching new cities month thank believing us day one,3,0,0,1
🔔 Final reminder — our community doors close for new members this Sunday at midnight.,Urgent,Facebook,Millennials,#CommunityLaunch #JoinNow #LastChance #LimitedSpots #Membership,,Click the link below and join before the doors close for good 🔗,high,final reminder community doors close new members sunday midnight,4,0,2,0
A day in my life as a student: wake up tired go to class tired come home tired sleep tired repeat 💀,Humorous,Tiktok,Students,#StudentLife #CollegeLife #Relatable #TiredAllTheTime #FYP,,Comment if this is your life too 😭,high,day life student wake tired go class tired come home tired sleep tired repeat,1,3,5,0
You are not too young to start. You are not too inexperienced to try. You are not too late. Start today.,Inspirational,Facebook,Gen Z,#GenZ #StartNow #YoungEntrepreneur #Motivation #NeverTooLate,,Share this with a young person who's waiting for the right time 💛,high,young start inexperienced try late start today,2,0,1,0
I applied to 87 jobs. Got 3 interviews. Received 1 offer. That 1 was all I needed. Don't let the numbers discourage you.,Inspirational,Linkedin,Students,#JobSearch #GraduateLife #CareerAdvice #Resilience #FirstJob,,Share this with a graduating student today 💙,high,applied 87 jobs got interviews received offer needed dont let numbers discourage,2,2,5,0
Rating every Starbucks drink so you don't have to ☕🌟 part 1,Casual,Tiktok,Millennials,#Starbucks #CoffeeRating #FoodTok #CaffeineAddict #DrinkReview,,Follow for part 2 dropping tomorrow! ☕,high,rating every starbucks drink dont part,0,3,2,0
Study session snacks ranked from best to worst 🍕📚 Hot take incoming,Casual,Instagram,Students,#StudySnacks #StudentLife #StudyTok #CampusLife #Relatable,,Comment your go-to study snack 👇,medium,study session snacks ranked best worst hot take incoming,0,1,5,1
I took a career break at 32 to travel for 6 months. Here's everything I learned about work life and myself.,Inspirational,Linkedin,Millennials,#CareerBreak #SabbaticalLife #WorkLifeBalance #SelfDiscovery #Millennials,,Read the full essay — link in comments. It might be the permission you need.,high,took career break 32 travel months heres everything learned work life,2,2,2,0
I deleted social media for 30 days and here's what actually happened to my mental health 🧠,Inspirational,Tiktok,Gen Z,#DigitalDetox #MentalHealthTok #SocialMediaBreak #Wellness #GenZ,,This might change how you use your phone. Watch it all 👀,high,deleted social media 30 days heres actually happened mental health,2,3,1,0
millennials really grew up with snake on nokia and now we're talking to AI daily. what a timeline,Casual,Twitter,Millennials,#Millennial #ThrowbackThursday #TechEvolution #NokiaSnake #AI,,reply with your first ever phone model 👇,high,millennials really grew snake nokia talking ai daily timeline,0,4,2,0
🚨 Founding member spots are almost full. Once we hit 100 members the price goes up permanently.,Urgent,Instagram,Entrepreneurs,#FoundingMember #EarlyAccess #LimitedSpots #StartupLaunch #JoinNow,,Grab your founding member spot right now — link in bio 🔗,high,founding member spots almost full hit 100 members price goes permanently,4,1,0,0
Just completed a 90-day no-meeting sprint with my team. Productivity went up 34%. Here's what we replaced meetings with.,Professional,Linkedin,Professionals,#DeepWork #Productivity #LeadershipHacks #FutureOfWork #NoMeetings,,Full breakdown in the article below — it might change how your team works.,high,completed 90day nomeeting sprint team productivity went 34 heres replaced meetings,3,2,4,0
"me explaining to my parents why I'm still awake at 3am: ""I was just about to sleep"" (said at 11pm too)",Humorous,Twitter,Gen Z,#NightOwl #GenZHumor #Relatable #SleepSchedule #CantSleep,,tell me your best excuse 👇,high,explaining parents im still awake 3am sleep said 11pm,1,4,1,0
POV: your mom finds your FYP 💀💀💀 #relatable,Humorous,Tiktok,Gen Z,#FYP #MomFindsOut #Relatable #GenZHumor #TikTokComedy,,Comment what she would think 👇😂,high,pov mom finds fyp relatable,1,3,1,0
Unpopular opinion: Your first product should be embarrassingly simple. Complexity kills more startups than competition does.,Professional,Twitter,Entrepreneurs,#StartupAdvice #ProductDevelopment #MVP #Entrepreneur,,Agree or disagree? Let's debate 👇,high,unpopular opinion first product embarrassingly simple complexity kills startups competition,3,4,0,0
5 free tools that run my entire business while I sleep 🛠️ No paid ads needed,Professional,Tiktok,Entrepreneurs,#BusinessTips #Entrepreneur #PassiveIncome #TikTokBusiness #SideHustle,,Save this before you forget it 📌 Link in bio for the full list,high,free tools run entire business sleep paid ads needed,3,3,0,0
Sunday morning pancakes with the kids — messy kitchen happy hearts ❤️🥞,Casual,Facebook,Parents,#FamilyMorning #PancakeSunday #ParentingJoy #WeekendVibes #FamilyTime,,Share your favourite weekend family tradition below 👇,medium,sunday morning pancakes kids messy kitchen happy hearts,0,0,3,1
We bootstrapped from ₹0 to ₹1Cr revenue without a single rupee of external funding. Here's how.,Professional,Instagram,Entrepreneurs,#Bootstrapped #StartupIndia #Entrepreneurship #Revenue #Founder,,Full breakdown in our blog — link in bio 📊,high,bootstrapped 1cr revenue without single rupee external funding heres,3,1,0,0
⚠️ Important update for all our customers — please read before placing your next order.,Urgent,Facebook,Millennials,#CustomerUpdate #ImportantNotice #WeAreListening,,Click the link below for full details. Your feedback matters to us.,medium,important update customers please read placing next order,4,0,2,1
testing viral cleaning hacks so you don't waste your time doing it yourself 🧹✨,Casual,Tiktok,Gen Z,#CleaningHacks #CleanTok #ViralHacks #HouseHacks #FYP,,follow for the results — part 2 drops tomorrow 👆,high,testing viral cleaning hacks dont waste time,0,3,1,0
I just landed my first internship at a Fortune 500 company with zero connections. Here's what actually worked.,Professional,Linkedin,Students,#Internship #CareerTips #Students #JobSearch #EntryLevel,,Full strategy in the comments 👇 Hope it helps someone!,high,landed first internship fortune 500 company zero connections heres actually worked,3,2,5,0
At 25 I had nothing figured out. At 30 I had less figured out. And somehow I'm more at peace than ever.,Inspirational,Instagram,Millennials,#MillennialLife #SelfGrowth #Mindfulness #30s #PeaceOverPerfection,,Share with someone who needs to hear this today 💛,high,25 nothing figured 30 less figured somehow im peace ever,2,1,2,0
5 things senior engineers do differently that nobody talks about in bootcamps or CS degrees.,Professional,Twitter,Professionals,#SoftwareDevelopment #CareerAdvice #SeniorEngineer #TechCareer #CodingTips,,RT this so it reaches someone starting their tech journey 👇,high,things senior engineers differently nobody talks bootcamps cs degrees,3,4,4,0
Sunday mood: pajamas all day snacks and absolutely zero responsibilities 🛋️✨,Casual,Facebook,Millennials,#SundayVibes #WeekendLife #Cozy #Relatable #ChillDay,,What's your perfect Sunday look like? Tell us below 👇,high,sunday mood pajamas day snacks absolutely zero responsibilities,0,0,2,0
Remote work taught me one thing: output matters more than hours. Here's how I restructured my entire workflow.,Professional,Linkedin,Professionals,#RemoteWork #Productivity #WorkFromHome #FutureOfWork #Leadership,,What's your top remote work productivity tip? Comment below 👇,high,remote work taught one thing output matters hours heres restructured entire workflow,3,2,4,0
POV: You found the perfect fit and it's actually affordable 😭✨,Casual,Instagram,Gen Z,#FashionTok #GRWM #OutfitCheck #Aesthetic #ootdinspo,,Shop the link in bio before it sells out!,high,pov found perfect fit actually affordable,0,1,1,0
why do professors assign everything due at 11:59pm like the last minute won't be used anyway 😭,Casual,Twitter,Students,#StudentLife #CollegeProblems #Procrastination #CampusLife,,RT if you submitted at 11:58 🙋,high,professors assign everything due 1159pm like last minute wont used anyway,0,4,5,0
We just closed our Series A funding round. This wouldn't have happened without the incredible team behind us.,Professional,Linkedin,Entrepreneurs,#Startup #FundingAnnouncement #SeriesA #Entrepreneurship #Grateful,,Read our journey from idea to funded startup — link in the comments.,high,closed series funding round wouldnt happened without incredible team behind us,3,2,0,0
Every small step you take today is building the life you want tomorrow. Keep going 💪,Inspirational,Instagram,Millennials,#MondayMotivation #Mindset #GrowthMindset #PositiveVibes #Hustle,,Save this for when you need a reminder 🔖,medium,every small step take today building life want tomorrow keep going,2,1,2,1
Excited to share that I've officially completed my AWS Solutions Architect certification! Hard work pays off.,Professional,Linkedin,Professionals,#AWS #CloudComputing #Certification #TechCareer #ProfessionalDevelopment,,What certification are you working towards? Let me know 👇,medium,excited share ive officially completed aws solutions architect certification hard work pays,3,2,4,1
The real reason most startups fail isn't the product or funding. It's founder burnout no one talks about.,Professional,Linkedin,Entrepreneurs,#FounderMentalHealth #StartupFail #Burnout #Entrepreneurship #Leadership,,What's keeping you going on the hard days? Share below 👇,high,real reason startups fail isnt product funding founder burnout one talks,3,2,0,0
no thoughts just vibes and a venti iced coffee tbh,Casual,Twitter,Gen Z,#IcedCoffee #NoThoughts #Vibes #CoffeeAddict #GenZ,,what are you sipping on today ☕,high,thoughts vibes venti iced coffee tbh,0,4,1,0
The exact resume format that got me 5 callbacks in 2 weeks as a fresh graduate 📄✅,Professional,Tiktok,Students,#ResumeTips #JobSearch #GraduateLife #CareerTok #StudentToEmployee,,Save this NOW and use it for your next application 📌,high,exact resume format got callbacks weeks fresh graduate,3,3,5,0
After 10 years in the industry I've learned that soft skills outperform technical skills in the long run. Here's why.,Professional,Linkedin,Professionals,#Leadership #ProfessionalDevelopment #CareerGrowth #Networking #WorkplaceSkills,,What soft skill do you think is most underrated? Drop it in the comments 👇,high,10 years industry ive learned soft skills outperform technical skills long run heres,3,2,4,0
The summer playlist just dropped and it goes ABSOLUTELY crazy 🎵🔥,Casual,Facebook,Gen Z,#SummerPlaylist #MusicVibes #NewMusic #PlaylistDrop #Banger,,Comment the first song you're adding to yours 👇🎶,medium,summer playlist dropped goes absolutely crazy,0,0,1,1
You are allowed to outgrow spaces jobs and relationships that no longer serve your growth. That's not giving up — that's wisdom.,Inspirational,Facebook,Millennials,#PersonalGrowth #Mindset #Millennials #LifeLessons #SelfLove,,Share this with someone who needs permission to move on 💛,high,allowed outgrow spaces jobs relationships longer serve growth thats giving thats wisdom,2,0,2,0
You don't need to have it all figured out. You just need to take the next step. That's enough for today.,Inspirational,Twitter,Students,#StudentLife #Motivation #YouGotThis #StudyTips #MentalHealth,,RT this for the student who needs to hear it 💙,high,dont need figured need take next step thats enough today,2,4,5,0
First year of college felt like drowning. Final year felt like flying. Don't quit during the waves 🌊,Inspirational,Instagram,Students,#CollegeLife #StudentJourney #NeverGiveUp #CampusLife #Motivation,,Save this for your hardest week 💙,high,first year college felt like drowning final year felt like flying dont quit waves,2,1,5,0
